role_idx,target_role,education_level_val,branch_match_val,cgpa_norm,experience_years,experience_ratio,core_skill_coverage,secondary_skill_coverage,bonus_skill_count,certification_count,eligibility_score,tier_idx,tier_label
5.0,software-developer,0.92,1.0,7.22,0.0,0.0,0.598,0.587,1.0,2.0,74.4,2,Eligible
0.0,python-developer,0.85,0.75,7.96,3.0,1.5,0.689,0.391,4.0,1.0,80.2,2,Eligible
0.0,python-developer,0.85,1.0,7.56,0.0,0.0,0.64,0.268,2.0,0.0,69.0,2,Eligible
5.0,software-developer,0.85,1.0,6.02,0.0,0.0,0.314,0.04,0.0,0.0,55.0,1,Partially Eligible
2.0,machine-learning-engineer,0.85,0.35,5.49,0.0,0.0,0.331,0.0,2.0,0.0,51.4,0,Foundational / Action Required
1.0,data-analyst,1.0,1.0,9.37,3.0,3.0,0.934,0.679,4.0,4.0,99.0,3,Highly Eligible
1.0,data-analyst,0.85,1.0,8.23,0.0,0.0,0.492,0.437,2.0,1.0,68.4,2,Eligible
1.0,data-analyst,0.65,0.35,6.77,0.0,0.0,0.317,0.082,0.0,0.0,43.6,0,Foundational / Action Required
5.0,software-developer,0.92,0.75,7.89,2.0,1.0,0.503,0.669,2.0,1.0,71.9,2,Eligible
0.0,python-developer,0.85,0.75,8.06,0.0,0.0,0.505,0.486,1.0,1.0,62.5,1,Partially Eligible
5.0,software-developer,0.85,0.75,7.81,5.0,2.5,0.74,0.725,4.0,3.0,92.6,3,Highly Eligible
5.0,software-developer,0.85,0.65,5.94,0.0,0.0,0.161,0.227,1.0,0.0,41.9,0,Foundational / Action Required
4.0,web-developer,0.85,0.75,7.33,2.5,2.5,0.48,0.439,3.0,1.0,65.6,1,Partially Eligible
0.0,python-developer,1.0,1.0,8.99,4.0,2.0,0.786,0.807,3.0,2.0,99.0,3,Highly Eligible
4.0,web-developer,0.92,1.0,8.98,6.0,3.0,0.827,0.892,5.0,2.0,94.1,3,Highly Eligible
3.0,data-scientist,0.85,1.0,8.65,2.0,1.0,1.0,0.576,2.0,1.0,96.5,3,Highly Eligible
0.0,python-developer,0.85,0.65,6.36,2.0,1.0,0.61,0.497,2.0,3.0,76.4,2,Eligible
0.0,python-developer,0.65,0.35,7.15,0.5,0.25,0.052,0.236,0.0,0.0,44.4,0,Foundational / Action Required
0.0,python-developer,0.92,1.0,7.56,4.0,2.0,0.642,0.743,2.0,1.0,83.3,3,Highly Eligible
1.0,data-analyst,0.92,0.75,8.48,2.0,2.0,0.714,0.676,4.0,3.0,87.6,3,Highly Eligible
1.0,data-analyst,0.85,0.75,8.81,0.0,0.0,0.427,0.414,2.0,0.0,60.7,1,Partially Eligible
4.0,web-developer,0.85,0.75,7.95,0.5,0.5,0.601,0.531,2.0,1.0,72.2,2,Eligible
4.0,web-developer,0.85,1.0,6.74,2.5,2.5,0.672,0.378,4.0,3.0,90.2,3,Highly Eligible
0.0,python-developer,0.85,1.0,8.03,2.0,1.0,0.903,0.757,4.0,2.0,95.6,3,Highly Eligible
4.0,web-developer,0.65,1.0,6.55,0.5,0.5,0.063,0.187,1.0,0.0,44.2,0,Foundational / Action Required
1.0,data-analyst,0.92,1.0,8.36,0.5,0.5,0.8,0.55,2.0,2.0,89.2,3,Highly Eligible
5.0,software-developer,0.85,0.75,7.66,0.0,0.0,0.562,0.1,2.0,0.0,63.9,1,Partially Eligible
5.0,software-developer,0.85,0.35,6.55,0.0,0.0,0.071,0.155,0.0,0.0,36.8,0,Foundational / Action Required
5.0,software-developer,0.85,1.0,6.0,2.0,1.0,0.628,0.32,1.0,0.0,67.0,1,Partially Eligible
4.0,web-developer,1.0,1.0,8.61,3.0,3.0,1.0,0.743,4.0,4.0,99.0,3,Highly Eligible
3.0,data-scientist,0.85,1.0,7.9,2.0,1.0,0.848,0.15,2.0,2.0,88.7,3,Highly Eligible
1.0,data-analyst,0.45,0.35,6.31,0.0,0.0,0.425,0.0,0.0,0.0,42.2,0,Foundational / Action Required
3.0,data-scientist,0.85,1.0,7.91,0.0,0.0,0.48,0.524,2.0,0.0,62.3,1,Partially Eligible
4.0,web-developer,0.65,0.35,7.02,0.0,0.0,0.215,0.259,0.0,0.0,37.5,0,Foundational / Action Required
2.0,machine-learning-engineer,0.92,1.0,9.14,3.0,1.5,0.87,0.906,3.0,4.0,98.9,3,Highly Eligible
0.0,python-developer,0.85,1.0,8.63,0.5,0.25,0.596,0.256,1.0,1.0,73.2,2,Eligible
1.0,data-analyst,1.0,1.0,9.07,3.0,3.0,0.729,0.883,4.0,1.0,88.0,3,Highly Eligible
5.0,software-developer,0.92,1.0,8.74,6.0,3.0,0.996,0.839,6.0,3.0,99.0,3,Highly Eligible
3.0,data-scientist,0.85,0.75,8.56,2.0,1.0,0.421,0.512,1.0,1.0,66.9,1,Partially Eligible
2.0,machine-learning-engineer,0.65,0.65,6.25,0.0,0.0,0.296,0.141,1.0,0.0,43.3,0,Foundational / Action Required
2.0,machine-learning-engineer,0.85,0.35,6.95,0.0,0.0,0.305,0.0,1.0,1.0,49.3,0,Foundational / Action Required
1.0,data-analyst,1.0,1.0,8.64,5.0,3.0,0.903,0.556,6.0,2.0,99.0,3,Highly Eligible
1.0,data-analyst,0.65,0.75,7.86,2.0,2.0,0.476,0.489,2.0,0.0,62.7,1,Partially Eligible
2.0,machine-learning-engineer,0.85,1.0,8.43,2.0,1.0,0.802,0.721,3.0,3.0,93.1,3,Highly Eligible
0.0,python-developer,0.85,1.0,8.3,1.0,0.5,0.628,0.38,3.0,0.0,75.9,2,Eligible
0.0,python-developer,0.65,0.35,5.89,1.0,0.5,0.218,0.0,1.0,0.0,45.0,0,Foundational / Action Required
3.0,data-scientist,0.85,0.75,5.44,0.5,0.25,0.42,0.093,1.0,1.0,57.0,1,Partially Eligible
0.0,python-developer,0.65,0.35,6.41,0.0,0.0,0.349,0.089,1.0,0.0,47.0,0,Foundational / Action Required
2.0,machine-learning-engineer,1.0,1.0,9.76,6.0,3.0,0.945,0.746,4.0,2.0,99.0,3,Highly Eligible
2.0,machine-learning-engineer,1.0,1.0,9.36,5.0,2.5,0.83,0.701,5.0,3.0,99.0,3,Highly Eligible
4.0,web-developer,0.85,1.0,9.54,5.0,3.0,1.0,0.497,2.0,3.0,99.0,3,Highly Eligible
2.0,machine-learning-engineer,0.85,0.75,8.45,1.5,0.75,0.4,0.559,2.0,1.0,64.0,1,Partially Eligible
0.0,python-developer,0.85,1.0,7.28,3.0,1.5,0.793,0.649,3.0,3.0,93.5,3,Highly Eligible
5.0,software-developer,0.85,0.75,8.26,0.0,0.0,0.409,0.462,2.0,1.0,59.3,1,Partially Eligible
3.0,data-scientist,0.45,0.35,6.08,0.0,0.0,0.105,0.0,0.0,0.0,31.0,0,Foundational / Action Required
4.0,web-developer,0.65,1.0,7.04,2.0,2.0,0.632,0.553,3.0,0.0,70.9,2,Eligible
0.0,python-developer,0.85,1.0,6.94,0.0,0.0,0.755,0.478,3.0,1.0,75.1,2,Eligible
3.0,data-scientist,0.85,0.75,6.31,1.0,0.5,0.631,0.366,2.0,0.0,67.4,1,Partially Eligible
0.0,python-developer,0.85,1.0,9.18,0.5,0.25,0.682,0.219,2.0,1.0,76.7,2,Eligible
4.0,web-developer,0.85,0.75,7.77,4.0,3.0,0.634,0.363,5.0,3.0,89.0,3,Highly Eligible
2.0,machine-learning-engineer,0.85,0.75,7.54,0.0,0.0,0.477,0.226,3.0,0.0,59.4,1,Partially Eligible
5.0,software-developer,0.85,1.0,7.41,2.5,1.25,0.464,0.443,2.0,0.0,68.8,2,Eligible
4.0,web-developer,0.92,1.0,6.26,2.0,2.0,0.682,0.298,2.0,1.0,78.1,2,Eligible
2.0,machine-learning-engineer,0.85,1.0,8.45,0.0,0.0,0.35,0.6,1.0,0.0,51.8,0,Foundational / Action Required
4.0,web-developer,0.45,1.0,7.31,0.0,0.0,0.131,0.211,0.0,0.0,37.8,0,Foundational / Action Required
1.0,data-analyst,0.85,1.0,8.26,1.0,1.0,0.459,0.423,3.0,0.0,73.2,2,Eligible
5.0,software-developer,0.85,0.75,8.54,4.0,2.0,0.749,0.35,4.0,2.0,88.7,3,Highly Eligible
0.0,python-developer,0.85,1.0,7.18,4.0,2.0,0.758,0.413,4.0,2.0,89.4,3,Highly Eligible
0.0,python-developer,0.92,1.0,6.42,1.0,0.5,0.772,0.492,2.0,2.0,86.7,3,Highly Eligible
5.0,software-developer,0.85,1.0,8.8,2.0,1.0,0.697,0.876,4.0,2.0,88.4,3,Highly Eligible
1.0,data-analyst,0.85,1.0,8.14,4.0,3.0,0.683,0.586,4.0,3.0,88.8,3,Highly Eligible
2.0,machine-learning-engineer,0.85,1.0,6.98,1.0,0.5,0.413,0.431,2.0,1.0,66.6,1,Partially Eligible
0.0,python-developer,0.92,1.0,9.09,5.0,2.5,1.0,0.813,5.0,4.0,99.0,3,Highly Eligible
1.0,data-analyst,0.85,1.0,7.5,4.0,3.0,1.0,0.502,5.0,3.0,99.0,3,Highly Eligible
0.0,python-developer,0.85,0.75,8.0,0.0,0.0,0.263,0.084,1.0,0.0,48.0,0,Foundational / Action Required
3.0,data-scientist,0.85,1.0,7.84,0.0,0.0,0.644,0.3,1.0,1.0,74.9,2,Eligible
2.0,machine-learning-engineer,0.45,0.65,7.14,0.0,0.0,0.181,0.285,0.0,0.0,38.1,0,Foundational / Action Required
3.0,data-scientist,0.85,0.35,5.86,1.0,0.5,0.18,0.3,0.0,0.0,45.1,0,Foundational / Action Required
5.0,software-developer,0.92,0.75,9.5,0.0,0.0,0.384,0.312,2.0,1.0,65.4,1,Partially Eligible
2.0,machine-learning-engineer,0.85,0.75,8.2,1.0,0.5,0.512,0.139,2.0,1.0,65.4,1,Partially Eligible
1.0,data-analyst,0.45,0.75,6.43,0.0,0.0,0.204,0.172,0.0,0.0,32.7,0,Foundational / Action Required
2.0,machine-learning-engineer,0.85,1.0,8.09,2.0,1.0,0.772,0.757,4.0,2.0,91.0,3,Highly Eligible
2.0,machine-learning-engineer,0.85,0.75,6.26,2.0,1.0,0.85,0.306,2.0,1.0,85.4,3,Highly Eligible
1.0,data-analyst,0.85,1.0,8.6,1.5,1.5,0.4,0.438,3.0,0.0,67.9,1,Partially Eligible
5.0,software-developer,0.85,1.0,8.1,2.0,1.0,0.962,0.696,4.0,2.0,93.7,3,Highly Eligible
2.0,machine-learning-engineer,0.85,1.0,5.47,0.0,0.0,0.212,0.12,0.0,0.0,43.0,0,Foundational / Action Required
5.0,software-developer,0.85,0.75,8.9,2.0,1.0,0.836,0.15,2.0,0.0,78.6,2,Eligible
5.0,software-developer,0.85,0.35,5.35,0.0,0.0,0.27,0.008,1.0,0.0,43.3,0,Foundational / Action Required
5.0,software-developer,0.85,1.0,7.68,1.0,0.5,0.627,0.296,2.0,1.0,74.6,2,Eligible
0.0,python-developer,0.92,0.75,8.13,0.0,0.0,0.5,0.256,1.0,2.0,71.2,2,Eligible
4.0,web-developer,0.92,1.0,7.24,2.0,2.0,0.937,0.639,2.0,2.0,97.0,3,Highly Eligible
5.0,software-developer,0.92,1.0,9.07,4.0,2.0,0.927,0.639,3.0,4.0,98.2,3,Highly Eligible
1.0,data-analyst,0.92,1.0,9.21,3.0,3.0,0.937,0.898,3.0,3.0,99.0,3,Highly Eligible
4.0,web-developer,0.92,1.0,7.97,0.5,0.5,0.652,0.28,3.0,0.0,77.8,2,Eligible
5.0,software-developer,0.85,0.65,7.78,1.5,0.75,0.528,0.353,2.0,1.0,69.5,2,Eligible
1.0,data-analyst,0.85,1.0,8.46,2.0,2.0,0.907,0.757,4.0,4.0,99.0,3,Highly Eligible
1.0,data-analyst,0.92,1.0,9.5,0.5,0.5,0.496,0.1,2.0,0.0,64.6,1,Partially Eligible
3.0,data-scientist,0.65,0.35,5.7,0.0,0.0,0.108,0.0,1.0,0.0,33.2,0,Foundational / Action Required
3.0,data-scientist,1.0,1.0,8.92,6.0,3.0,0.854,0.794,5.0,2.0,99.0,3,Highly Eligible
2.0,machine-learning-engineer,0.92,1.0,9.08,5.0,2.5,0.959,0.612,3.0,2.0,99.0,3,Highly Eligible
5.0,software-developer,0.85,0.35,7.64,0.0,0.0,0.132,0.134,0.0,0.0,40.7,0,Foundational / Action Required
5.0,software-developer,0.85,1.0,7.11,2.0,1.0,0.542,0.498,2.0,0.0,72.8,2,Eligible
4.0,web-developer,0.85,0.75,7.98,0.0,0.0,0.8,0.454,1.0,2.0,75.2,2,Eligible
1.0,data-analyst,0.85,1.0,7.21,2.0,2.0,0.757,0.15,3.0,2.0,89.0,3,Highly Eligible
5.0,software-developer,0.92,1.0,8.26,2.0,1.0,0.676,0.582,3.0,0.0,83.7,3,Highly Eligible
2.0,machine-learning-engineer,0.92,0.75,8.2,3.0,1.5,0.818,0.547,4.0,3.0,96.0,3,Highly Eligible
0.0,python-developer,0.65,0.75,7.75,2.0,1.0,0.607,0.536,2.0,2.0,69.6,2,Eligible
1.0,data-analyst,0.85,0.65,6.42,0.0,0.0,0.233,0.118,0.0,0.0,45.8,0,Foundational / Action Required
0.0,python-developer,0.85,1.0,9.02,2.0,1.0,0.617,0.705,2.0,1.0,76.9,2,Eligible
2.0,machine-learning-engineer,0.85,1.0,7.61,0.0,0.0,0.8,0.166,2.0,1.0,78.2,2,Eligible
3.0,data-scientist,0.85,1.0,7.1,1.0,0.5,0.681,0.317,3.0,1.0,74.7,2,Eligible
2.0,machine-learning-engineer,0.85,0.75,7.56,2.0,1.0,0.637,0.272,1.0,1.0,71.8,2,Eligible
0.0,python-developer,0.92,1.0,8.24,0.5,0.25,0.619,0.419,2.0,0.0,72.9,2,Eligible
1.0,data-analyst,0.85,0.65,6.43,0.0,0.0,0.373,0.137,0.0,0.0,48.8,0,Foundational / Action Required
4.0,web-developer,0.65,1.0,8.27,1.5,1.5,0.502,0.35,1.0,1.0,68.0,2,Eligible
5.0,software-developer,0.85,0.75,8.23,2.0,1.0,0.664,0.396,1.0,0.0,70.9,2,Eligible
2.0,machine-learning-engineer,0.92,1.0,10.0,5.0,2.5,0.918,0.773,4.0,3.0,99.0,3,Highly Eligible
1.0,data-analyst,0.65,0.35,6.36,0.0,0.0,0.112,0.28,1.0,0.0,38.6,0,Foundational / Action Required
5.0,software-developer,0.45,0.65,7.95,0.5,0.25,0.243,0.19,0.0,0.0,41.8,0,Foundational / Action Required
3.0,data-scientist,0.85,0.65,6.34,0.0,0.0,0.358,0.274,0.0,0.0,50.5,0,Foundational / Action Required
3.0,data-scientist,0.85,1.0,7.28,0.5,0.25,0.471,0.346,2.0,1.0,71.1,2,Eligible
5.0,software-developer,0.92,1.0,7.21,0.0,0.0,0.635,0.311,3.0,1.0,69.9,2,Eligible
3.0,data-scientist,0.85,1.0,7.36,4.0,2.0,1.0,0.812,5.0,2.0,99.0,3,Highly Eligible
1.0,data-analyst,0.85,1.0,8.37,0.0,0.0,0.362,0.256,2.0,2.0,64.7,1,Partially Eligible
2.0,machine-learning-engineer,0.45,1.0,6.76,0.0,0.0,0.165,0.154,0.0,0.0,35.8,0,Foundational / Action Required
1.0,data-analyst,0.85,0.75,8.26,0.0,0.0,0.537,0.156,2.0,0.0,65.4,1,Partially Eligible
1.0,data-analyst,0.92,1.0,9.04,4.0,3.0,0.817,0.769,4.0,3.0,99.0,3,Highly Eligible
5.0,software-developer,0.85,0.75,8.11,4.0,2.0,1.0,0.704,4.0,2.0,99.0,3,Highly Eligible
4.0,web-developer,0.45,0.35,7.08,0.0,0.0,0.206,0.087,2.0,0.0,36.7,0,Foundational / Action Required
4.0,web-developer,0.65,0.65,8.33,1.5,1.5,0.652,0.15,3.0,0.0,79.3,2,Eligible
2.0,machine-learning-engineer,0.65,0.75,6.99,1.0,0.5,0.074,0.128,0.0,1.0,40.8,0,Foundational / Action Required
5.0,software-developer,0.65,0.75,6.62,0.0,0.0,0.244,0.196,0.0,0.0,42.2,0,Foundational / Action Required
4.0,web-developer,1.0,1.0,8.46,5.0,3.0,0.973,0.996,3.0,3.0,99.0,3,Highly Eligible
3.0,data-scientist,0.92,1.0,8.97,6.0,3.0,0.946,0.841,5.0,4.0,99.0,3,Highly Eligible
4.0,web-developer,0.85,1.0,8.42,0.5,0.5,0.655,0.543,1.0,1.0,74.1,2,Eligible
3.0,data-scientist,0.65,0.35,7.78,0.0,0.0,0.098,0.0,0.0,0.0,36.4,0,Foundational / Action Required
2.0,machine-learning-engineer,0.65,0.65,5.95,0.0,0.0,0.45,0.106,0.0,0.0,52.3,1,Partially Eligible
1.0,data-analyst,0.85,1.0,8.72,0.0,0.0,0.8,0.452,2.0,2.0,84.2,3,Highly Eligible
1.0,data-analyst,0.45,0.35,7.11,0.0,0.0,0.234,0.081,0.0,0.0,38.8,0,Foundational / Action Required
4.0,web-developer,0.85,1.0,8.13,0.0,0.0,0.759,0.577,1.0,1.0,77.8,2,Eligible
3.0,data-scientist,0.45,0.65,6.58,0.0,0.0,0.04,0.116,0.0,1.0,32.6,0,Foundational / Action Required
0.0,python-developer,0.85,1.0,7.7,2.5,1.25,0.536,0.617,3.0,0.0,73.9,2,Eligible
0.0,python-developer,0.85,1.0,7.13,0.5,0.25,0.446,0.47,2.0,1.0,63.2,1,Partially Eligible
0.0,python-developer,0.65,0.65,5.55,0.0,0.0,0.237,0.065,0.0,0.0,41.2,0,Foundational / Action Required
1.0,data-analyst,0.85,1.0,7.15,1.5,1.5,0.4,0.457,1.0,1.0,66.6,1,Partially Eligible
5.0,software-developer,0.85,1.0,8.4,0.0,0.0,0.794,0.185,2.0,0.0,74.4,2,Eligible
1.0,data-analyst,0.65,1.0,7.79,2.0,2.0,0.4,0.483,2.0,1.0,70.1,2,Eligible
5.0,software-developer,0.92,1.0,8.94,1.5,0.75,0.663,0.417,4.0,0.0,78.3,2,Eligible
3.0,data-scientist,0.85,1.0,7.51,2.0,1.0,0.464,0.637,3.0,3.0,74.7,2,Eligible
4.0,web-developer,0.85,0.75,8.85,0.0,0.0,0.571,0.238,2.0,0.0,65.1,1,Partially Eligible
0.0,python-developer,0.92,1.0,7.83,2.0,1.0,0.64,0.663,3.0,2.0,85.7,3,Highly Eligible
3.0,data-scientist,0.85,1.0,8.0,1.0,0.5,0.676,0.292,3.0,0.0,76.4,2,Eligible
3.0,data-scientist,0.85,1.0,8.46,4.0,2.0,0.839,0.574,3.0,1.0,89.0,3,Highly Eligible
4.0,web-developer,0.85,1.0,8.47,1.0,1.0,0.671,0.75,3.0,0.0,77.7,2,Eligible
3.0,data-scientist,0.85,0.65,7.11,1.0,0.5,0.572,0.491,2.0,1.0,69.0,2,Eligible
4.0,web-developer,0.85,0.65,6.63,2.0,2.0,0.69,0.226,1.0,2.0,79.9,2,Eligible
2.0,machine-learning-engineer,0.65,1.0,7.72,2.5,1.25,0.549,0.299,1.0,1.0,68.5,2,Eligible
4.0,web-developer,0.65,0.35,6.63,0.5,0.5,0.2,0.0,1.0,0.0,46.3,0,Foundational / Action Required
0.0,python-developer,0.85,1.0,7.04,0.0,0.0,0.516,0.531,2.0,1.0,65.2,1,Partially Eligible
5.0,software-developer,0.65,0.65,6.06,0.0,0.0,0.247,0.001,0.0,0.0,40.9,0,Foundational / Action Required
5.0,software-developer,0.85,1.0,8.03,4.0,2.0,0.694,0.35,3.0,2.0,84.9,3,Highly Eligible
0.0,python-developer,0.92,1.0,7.9,4.0,2.0,0.925,0.41,4.0,1.0,94.6,3,Highly Eligible
5.0,software-developer,0.92,1.0,9.71,6.0,3.0,1.0,0.956,3.0,3.0,99.0,3,Highly Eligible
4.0,web-developer,0.85,0.65,6.32,0.0,0.0,0.211,0.063,0.0,0.0,44.1,0,Foundational / Action Required
2.0,machine-learning-engineer,1.0,1.0,8.33,4.0,2.0,0.842,0.882,3.0,2.0,97.5,3,Highly Eligible
5.0,software-developer,0.65,0.75,7.3,0.0,0.0,0.109,0.0,0.0,0.0,35.4,0,Foundational / Action Required
2.0,machine-learning-engineer,0.92,1.0,7.91,5.0,2.5,0.911,0.868,4.0,3.0,99.0,3,Highly Eligible
0.0,python-developer,0.85,0.75,6.76,1.5,0.75,0.4,0.504,2.0,0.0,60.0,1,Partially Eligible
2.0,machine-learning-engineer,0.85,0.65,7.19,0.5,0.25,0.13,0.184,0.0,0.0,40.6,0,Foundational / Action Required
3.0,data-scientist,0.92,1.0,8.41,5.0,2.5,0.644,0.636,4.0,3.0,90.0,3,Highly Eligible
1.0,data-analyst,0.85,1.0,8.22,0.0,0.0,0.8,0.1,2.0,1.0,79.4,2,Eligible
3.0,data-scientist,0.92,1.0,8.22,2.0,1.0,0.653,0.774,5.0,1.0,82.6,3,Highly Eligible
0.0,python-developer,0.92,0.75,9.17,0.0,0.0,0.609,0.273,2.0,1.0,68.1,2,Eligible
5.0,software-developer,0.85,0.35,5.87,1.0,0.5,0.278,0.0,0.0,0.0,46.3,0,Foundational / Action Required
5.0,software-developer,1.0,1.0,9.34,5.0,2.5,0.752,0.395,3.0,3.0,98.4,3,Highly Eligible
2.0,machine-learning-engineer,0.65,0.35,6.06,0.0,0.0,0.45,0.113,0.0,0.0,47.9,0,Foundational / Action Required
4.0,web-developer,0.85,1.0,8.22,1.5,1.5,0.517,0.601,3.0,2.0,77.1,2,Eligible
1.0,data-analyst,0.85,0.65,7.03,1.0,1.0,0.4,0.486,3.0,3.0,68.5,2,Eligible
4.0,web-developer,1.0,1.0,9.93,5.0,3.0,0.834,0.773,5.0,3.0,99.0,3,Highly Eligible
0.0,python-developer,0.85,0.75,6.47,1.0,0.5,0.424,0.425,2.0,3.0,63.5,1,Partially Eligible
5.0,software-developer,0.85,1.0,7.74,0.5,0.25,0.61,0.175,1.0,0.0,60.5,1,Partially Eligible
2.0,machine-learning-engineer,0.85,1.0,8.84,2.0,1.0,0.893,0.5,4.0,3.0,99.0,3,Highly Eligible
5.0,software-developer,0.92,1.0,8.95,4.0,2.0,0.904,0.843,4.0,2.0,98.2,3,Highly Eligible
4.0,web-developer,0.85,1.0,8.29,2.0,2.0,0.71,0.665,3.0,2.0,84.1,3,Highly Eligible
4.0,web-developer,0.85,1.0,8.34,5.0,3.0,0.862,0.634,3.0,3.0,95.0,3,Highly Eligible
1.0,data-analyst,0.92,1.0,8.44,5.0,3.0,0.965,0.856,5.0,3.0,99.0,3,Highly Eligible
1.0,data-analyst,0.45,0.35,7.01,0.0,0.0,0.146,0.0,1.0,0.0,35.3,0,Foundational / Action Required
2.0,machine-learning-engineer,0.85,0.65,6.43,0.0,0.0,0.101,0.144,0.0,0.0,42.1,0,Foundational / Action Required
1.0,data-analyst,0.85,0.65,8.72,1.5,1.5,0.609,0.284,1.0,1.0,72.5,2,Eligible
4.0,web-developer,0.85,0.75,8.08,3.0,3.0,0.861,0.782,3.0,2.0,90.4,3,Highly Eligible
4.0,web-developer,0.65,0.75,7.55,1.0,1.0,0.132,0.111,0.0,0.0,40.0,0,Foundational / Action Required
0.0,python-developer,0.85,1.0,8.21,1.5,0.75,0.571,0.487,3.0,1.0,73.4,2,Eligible
4.0,web-developer,0.92,1.0,7.97,5.0,3.0,0.738,0.507,3.0,3.0,93.3,3,Highly Eligible
2.0,machine-learning-engineer,0.85,0.75,6.92,0.0,0.0,0.201,0.0,1.0,0.0,46.4,0,Foundational / Action Required
3.0,data-scientist,0.45,0.65,7.93,0.5,0.25,0.227,0.119,0.0,1.0,41.6,0,Foundational / Action Required
0.0,python-developer,0.85,1.0,8.12,4.0,2.0,0.6,0.35,3.0,3.0,83.6,3,Highly Eligible
0.0,python-developer,0.85,1.0,7.6,0.0,0.0,0.488,0.592,2.0,1.0,64.6,1,Partially Eligible
2.0,machine-learning-engineer,0.92,1.0,8.03,0.0,0.0,0.57,0.173,2.0,0.0,70.6,2,Eligible
2.0,machine-learning-engineer,0.85,0.35,6.09,0.0,0.0,0.293,0.113,0.0,0.0,51.8,0,Foundational / Action Required
1.0,data-analyst,0.65,0.65,7.08,0.0,0.0,0.28,0.141,1.0,0.0,44.3,0,Foundational / Action Required
0.0,python-developer,0.65,0.65,6.61,0.0,0.0,0.332,0.046,1.0,1.0,49.4,0,Foundational / Action Required
1.0,data-analyst,0.92,0.75,8.14,0.5,0.5,0.598,0.21,3.0,0.0,73.5,2,Eligible
4.0,web-developer,0.85,1.0,7.75,2.0,2.0,0.811,0.647,3.0,2.0,90.0,3,Highly Eligible
0.0,python-developer,0.85,1.0,8.3,0.0,0.0,0.685,0.334,2.0,0.0,71.0,2,Eligible
0.0,python-developer,0.92,1.0,7.01,2.0,1.0,0.605,0.233,1.0,3.0,82.2,3,Highly Eligible
5.0,software-developer,0.85,1.0,8.12,1.5,0.75,0.85,0.282,3.0,1.0,82.7,3,Highly Eligible
3.0,data-scientist,0.85,1.0,9.03,4.0,2.0,1.0,0.661,2.0,2.0,94.5,3,Highly Eligible
0.0,python-developer,0.85,1.0,8.78,1.5,0.75,0.692,0.288,2.0,1.0,80.2,2,Eligible
4.0,web-developer,0.65,0.65,7.42,1.0,1.0,0.4,0.15,2.0,1.0,62.7,1,Partially Eligible
1.0,data-analyst,0.45,0.35,7.37,0.0,0.0,0.131,0.0,2.0,0.0,36.6,0,Foundational / Action Required
1.0,data-analyst,0.65,0.35,6.58,0.5,0.5,0.0,0.29,2.0,0.0,38.8,0,Foundational / Action Required
5.0,software-developer,0.85,1.0,8.58,0.5,0.25,0.523,0.113,3.0,2.0,76.0,2,Eligible
3.0,data-scientist,0.85,1.0,8.39,4.0,2.0,0.726,0.61,3.0,2.0,85.5,3,Highly Eligible
4.0,web-developer,0.65,0.75,6.91,0.0,0.0,0.18,0.0,0.0,0.0,42.5,0,Foundational / Action Required
1.0,data-analyst,0.92,1.0,7.91,1.0,1.0,0.695,0.194,1.0,1.0,80.6,2,Eligible
2.0,machine-learning-engineer,0.85,1.0,6.63,0.5,0.25,0.66,0.495,2.0,1.0,74.2,2,Eligible
4.0,web-developer,0.85,0.75,7.39,2.0,2.0,0.815,0.452,4.0,1.0,87.1,3,Highly Eligible
4.0,web-developer,0.85,1.0,9.11,0.0,0.0,0.667,0.186,2.0,0.0,70.4,2,Eligible
3.0,data-scientist,0.85,0.75,8.33,4.0,2.0,0.781,0.566,3.0,2.0,86.9,3,Highly Eligible
1.0,data-analyst,0.85,0.75,9.11,1.0,1.0,0.531,0.315,2.0,3.0,78.0,2,Eligible
4.0,web-developer,0.85,0.75,7.23,0.0,0.0,0.496,0.311,1.0,2.0,68.2,2,Eligible
5.0,software-developer,0.85,0.35,6.69,0.5,0.25,0.308,0.089,0.0,0.0,50.8,0,Foundational / Action Required
5.0,software-developer,0.85,1.0,8.86,2.0,1.0,0.638,0.15,2.0,0.0,74.6,2,Eligible
1.0,data-analyst,0.65,0.35,6.55,0.0,0.0,0.259,0.0,0.0,0.0,42.6,0,Foundational / Action Required
5.0,software-developer,0.85,1.0,7.83,1.5,0.75,0.735,0.179,2.0,0.0,78.8,2,Eligible
2.0,machine-learning-engineer,0.85,0.75,7.81,2.0,1.0,0.85,0.455,1.0,2.0,84.9,3,Highly Eligible
3.0,data-scientist,0.92,1.0,7.91,1.0,0.5,0.374,0.519,2.0,0.0,62.1,1,Partially Eligible
5.0,software-developer,0.85,1.0,8.17,0.0,0.0,0.35,0.508,3.0,1.0,62.1,1,Partially Eligible
5.0,software-developer,0.92,1.0,9.0,5.0,2.5,0.775,0.739,4.0,4.0,90.0,3,Highly Eligible
2.0,machine-learning-engineer,0.65,0.65,7.26,0.0,0.0,0.332,0.003,1.0,0.0,43.8,0,Foundational / Action Required
3.0,data-scientist,0.92,0.75,7.63,0.0,0.0,0.678,0.459,2.0,0.0,70.6,2,Eligible
4.0,web-developer,0.92,1.0,8.65,4.0,3.0,0.854,0.646,2.0,2.0,91.1,3,Highly Eligible
3.0,data-scientist,0.85,1.0,8.07,1.0,0.5,0.53,0.1,1.0,1.0,69.6,2,Eligible
0.0,python-developer,0.92,0.75,8.2,3.0,1.5,0.715,0.535,4.0,4.0,89.0,3,Highly Eligible
1.0,data-analyst,0.92,1.0,6.92,0.0,0.0,0.53,0.359,2.0,1.0,68.5,2,Eligible
1.0,data-analyst,0.85,0.65,8.0,0.0,0.0,0.045,0.121,0.0,0.0,40.2,0,Foundational / Action Required
0.0,python-developer,0.92,1.0,7.61,4.0,2.0,0.808,0.646,3.0,1.0,84.4,3,Highly Eligible
2.0,machine-learning-engineer,0.65,1.0,7.1,1.0,0.5,0.602,0.341,3.0,0.0,67.6,1,Partially Eligible
0.0,python-developer,0.85,1.0,7.81,0.0,0.0,0.433,0.279,2.0,2.0,68.4,2,Eligible
4.0,web-developer,0.92,1.0,7.95,0.0,0.0,0.8,0.563,1.0,0.0,78.2,2,Eligible
4.0,web-developer,0.92,1.0,7.67,2.0,2.0,0.927,0.742,2.0,2.0,98.5,3,Highly Eligible
1.0,data-analyst,0.92,1.0,8.28,4.0,3.0,0.75,0.631,3.0,4.0,90.5,3,Highly Eligible
4.0,web-developer,0.92,1.0,8.44,0.0,0.0,0.379,0.309,2.0,1.0,63.9,1,Partially Eligible
1.0,data-analyst,0.85,1.0,7.39,0.0,0.0,0.719,0.582,1.0,2.0,74.5,2,Eligible
0.0,python-developer,0.85,0.75,8.03,0.0,0.0,0.4,0.121,1.0,0.0,52.1,1,Partially Eligible
0.0,python-developer,0.85,1.0,9.5,0.0,0.0,0.668,0.431,2.0,1.0,74.8,2,Eligible
5.0,software-developer,0.92,1.0,8.31,0.0,0.0,0.553,0.314,1.0,0.0,66.2,1,Partially Eligible
5.0,software-developer,0.92,1.0,7.13,0.0,0.0,0.35,0.498,3.0,2.0,61.5,1,Partially Eligible
0.0,python-developer,0.85,0.75,6.32,0.0,0.0,0.379,0.06,0.0,0.0,50.4,0,Foundational / Action Required
1.0,data-analyst,0.85,0.75,7.62,2.5,2.5,0.635,0.363,2.0,0.0,71.4,2,Eligible
0.0,python-developer,0.65,0.75,5.61,0.5,0.25,0.23,0.0,1.0,0.0,46.7,0,Foundational / Action Required
0.0,python-developer,0.92,0.75,8.69,0.5,0.25,0.539,0.187,3.0,1.0,70.0,2,Eligible
2.0,machine-learning-engineer,0.85,1.0,7.87,0.5,0.25,0.496,0.6,2.0,0.0,59.7,1,Partially Eligible
0.0,python-developer,0.65,0.35,6.16,1.0,0.5,0.271,0.105,0.0,0.0,45.9,0,Foundational / Action Required
4.0,web-developer,0.65,1.0,7.94,2.0,2.0,0.603,0.385,3.0,0.0,69.0,2,Eligible
1.0,data-analyst,0.85,0.75,8.79,1.5,1.5,0.653,0.511,2.0,1.0,77.4,2,Eligible
2.0,machine-learning-engineer,0.85,1.0,7.67,0.0,0.0,0.59,0.347,2.0,0.0,65.5,1,Partially Eligible
5.0,software-developer,0.85,1.0,7.55,0.0,0.0,0.748,0.387,3.0,1.0,78.2,2,Eligible
3.0,data-scientist,0.92,0.75,6.62,0.0,0.0,0.684,0.243,3.0,0.0,68.5,2,Eligible
1.0,data-analyst,0.85,0.65,7.27,2.5,2.5,0.703,0.15,2.0,1.0,83.5,3,Highly Eligible
4.0,web-developer,0.85,1.0,8.19,4.0,3.0,0.911,0.596,3.0,2.0,86.7,3,Highly Eligible
1.0,data-analyst,0.65,0.75,5.0,0.5,0.5,0.224,0.052,1.0,0.0,45.8,0,Foundational / Action Required
5.0,software-developer,0.85,1.0,6.18,1.5,0.75,0.648,0.524,1.0,3.0,73.3,2,Eligible
4.0,web-developer,0.85,1.0,8.48,0.5,0.5,0.378,0.312,2.0,0.0,64.4,1,Partially Eligible
4.0,web-developer,0.92,0.75,8.77,4.0,3.0,0.77,0.869,4.0,1.0,83.0,3,Highly Eligible
3.0,data-scientist,0.85,0.75,7.93,2.5,1.25,0.81,0.15,3.0,2.0,90.3,3,Highly Eligible
1.0,data-analyst,0.65,0.65,6.99,0.5,0.5,0.178,0.208,0.0,1.0,47.4,0,Foundational / Action Required
3.0,data-scientist,0.85,1.0,8.27,1.0,0.5,0.507,0.166,4.0,2.0,72.8,2,Eligible
3.0,data-scientist,0.92,1.0,8.3,3.0,1.5,0.88,0.718,4.0,2.0,95.8,3,Highly Eligible
1.0,data-analyst,0.85,0.35,5.29,0.0,0.0,0.157,0.119,2.0,0.0,46.7,0,Foundational / Action Required
0.0,python-developer,0.85,1.0,7.99,1.5,0.75,0.521,0.221,3.0,0.0,69.4,2,Eligible
0.0,python-developer,0.85,1.0,8.74,0.0,0.0,0.643,0.517,3.0,2.0,82.4,3,Highly Eligible
5.0,software-developer,0.65,0.35,5.08,0.0,0.0,0.249,0.225,0.0,0.0,36.3,0,Foundational / Action Required
3.0,data-scientist,0.85,1.0,7.62,0.0,0.0,0.35,0.285,2.0,2.0,62.1,1,Partially Eligible
2.0,machine-learning-engineer,0.85,1.0,7.31,2.0,1.0,0.401,0.347,2.0,1.0,66.0,1,Partially Eligible
3.0,data-scientist,0.92,1.0,8.34,6.0,3.0,0.926,0.772,5.0,4.0,99.0,3,Highly Eligible
3.0,data-scientist,0.85,1.0,7.42,0.0,0.0,0.451,0.212,2.0,2.0,64.1,1,Partially Eligible
3.0,data-scientist,0.65,0.65,7.53,1.0,0.5,0.628,0.701,3.0,0.0,69.5,2,Eligible
5.0,software-developer,0.85,0.35,7.45,0.0,0.0,0.322,0.0,0.0,1.0,50.2,0,Foundational / Action Required
0.0,python-developer,0.92,1.0,9.28,4.0,2.0,0.947,1.0,5.0,3.0,99.0,3,Highly Eligible
5.0,software-developer,0.65,0.35,6.96,0.0,0.0,0.193,0.061,1.0,1.0,45.1,0,Foundational / Action Required
5.0,software-developer,0.45,0.65,6.68,0.5,0.25,0.156,0.0,0.0,0.0,34.1,0,Foundational / Action Required
5.0,software-developer,0.65,0.65,5.47,0.0,0.0,0.283,0.136,0.0,0.0,43.3,0,Foundational / Action Required
0.0,python-developer,0.85,0.75,7.95,0.5,0.25,0.443,0.592,1.0,2.0,66.7,1,Partially Eligible
0.0,python-developer,0.92,1.0,8.35,2.0,1.0,0.889,0.863,4.0,2.0,98.2,3,Highly Eligible
3.0,data-scientist,0.65,1.0,7.36,0.0,0.0,0.45,0.181,1.0,0.0,54.3,1,Partially Eligible
5.0,software-developer,0.85,0.75,7.12,1.5,0.75,0.85,0.497,1.0,2.0,84.1,3,Highly Eligible
2.0,machine-learning-engineer,0.85,0.75,8.02,0.0,0.0,0.35,0.469,1.0,1.0,55.8,1,Partially Eligible
0.0,python-developer,0.85,0.75,7.8,0.0,0.0,0.508,0.431,3.0,2.0,65.7,1,Partially Eligible
1.0,data-analyst,0.85,0.75,6.73,1.5,1.5,0.476,0.15,2.0,2.0,72.7,2,Eligible
1.0,data-analyst,0.85,1.0,8.22,3.0,3.0,0.839,0.756,4.0,1.0,90.9,3,Highly Eligible
1.0,data-analyst,0.85,1.0,8.26,0.0,0.0,0.503,0.376,2.0,1.0,67.0,1,Partially Eligible
4.0,web-developer,0.85,1.0,8.04,1.0,1.0,0.462,0.42,1.0,0.0,70.5,2,Eligible
3.0,data-scientist,0.45,0.75,5.93,0.0,0.0,0.049,0.111,1.0,0.0,27.5,0,Foundational / Action Required
1.0,data-analyst,0.65,0.35,7.32,0.0,0.0,0.45,0.234,1.0,0.0,46.5,0,Foundational / Action Required
3.0,data-scientist,0.65,0.65,6.76,0.0,0.0,0.311,0.125,0.0,0.0,42.1,0,Foundational / Action Required
1.0,data-analyst,0.65,0.35,7.19,0.0,0.0,0.172,0.0,0.0,0.0,39.5,0,Foundational / Action Required
2.0,machine-learning-engineer,0.65,0.65,7.67,0.0,0.0,0.32,0.224,1.0,0.0,47.5,0,Foundational / Action Required
3.0,data-scientist,0.85,1.0,6.54,2.0,1.0,0.57,0.384,1.0,1.0,74.8,2,Eligible
1.0,data-analyst,0.92,0.75,8.81,5.0,3.0,0.6,0.679,2.0,2.0,78.7,2,Eligible
0.0,python-developer,0.85,1.0,7.17,2.0,1.0,0.874,0.462,2.0,2.0,86.7,3,Highly Eligible
3.0,data-scientist,0.85,1.0,8.12,1.5,0.75,0.429,0.448,1.0,2.0,73.2,2,Eligible
4.0,web-developer,0.85,1.0,7.67,1.0,1.0,0.812,0.593,3.0,0.0,87.5,3,Highly Eligible
0.0,python-developer,0.85,0.75,6.66,0.0,0.0,0.237,0.178,0.0,0.0,45.9,0,Foundational / Action Required
0.0,python-developer,0.65,0.75,5.82,0.0,0.0,0.122,0.024,0.0,1.0,36.7,0,Foundational / Action Required
5.0,software-developer,0.85,0.65,6.87,2.0,1.0,0.828,0.6,2.0,1.0,84.0,3,Highly Eligible
4.0,web-developer,0.92,1.0,7.18,0.0,0.0,0.416,0.198,2.0,0.0,62.0,1,Partially Eligible
0.0,python-developer,0.85,1.0,7.04,1.0,0.5,0.687,0.229,2.0,0.0,76.8,2,Eligible
0.0,python-developer,0.85,1.0,8.24,0.0,0.0,0.35,0.165,3.0,2.0,67.5,1,Partially Eligible
1.0,data-analyst,0.92,1.0,8.23,0.0,0.0,0.597,0.244,1.0,2.0,73.8,2,Eligible
1.0,data-analyst,0.85,1.0,7.29,0.0,0.0,0.513,0.532,2.0,0.0,61.6,1,Partially Eligible
3.0,data-scientist,0.85,0.65,8.1,2.0,1.0,0.799,0.593,3.0,2.0,92.0,3,Highly Eligible
3.0,data-scientist,0.85,1.0,7.32,2.0,1.0,0.835,0.156,2.0,3.0,90.4,3,Highly Eligible
3.0,data-scientist,0.92,1.0,8.26,6.0,3.0,0.931,0.875,4.0,2.0,99.0,3,Highly Eligible
1.0,data-analyst,0.85,1.0,8.05,1.0,1.0,0.576,0.75,3.0,1.0,77.0,2,Eligible
3.0,data-scientist,0.85,1.0,7.16,0.5,0.25,0.606,0.6,3.0,0.0,68.6,2,Eligible
0.0,python-developer,0.85,0.65,7.18,0.5,0.25,0.26,0.104,0.0,0.0,49.5,0,Foundational / Action Required
1.0,data-analyst,0.65,0.35,6.62,0.0,0.0,0.292,0.053,0.0,0.0,43.0,0,Foundational / Action Required
3.0,data-scientist,0.65,0.75,6.77,0.0,0.0,0.296,0.163,0.0,0.0,41.7,0,Foundational / Action Required
0.0,python-developer,0.92,1.0,9.13,6.0,3.0,0.986,0.943,3.0,3.0,99.0,3,Highly Eligible
3.0,data-scientist,0.85,0.75,6.34,0.0,0.0,0.11,0.034,0.0,0.0,38.0,0,Foundational / Action Required
2.0,machine-learning-engineer,0.45,0.35,6.45,0.0,0.0,0.258,0.039,0.0,0.0,40.4,0,Foundational / Action Required
3.0,data-scientist,0.45,0.35,6.14,0.0,0.0,0.222,0.062,0.0,1.0,39.8,0,Foundational / Action Required
2.0,machine-learning-engineer,0.45,0.65,6.96,0.5,0.25,0.0,0.124,0.0,0.0,31.2,0,Foundational / Action Required
3.0,data-scientist,0.85,0.75,7.54,1.5,0.75,0.475,0.187,3.0,1.0,62.3,1,Partially Eligible
5.0,software-developer,0.85,1.0,7.92,2.0,1.0,0.4,0.187,2.0,2.0,69.7,2,Eligible
5.0,software-developer,0.85,1.0,8.36,1.5,0.75,0.545,0.305,3.0,0.0,66.6,1,Partially Eligible
4.0,web-developer,0.85,0.35,8.0,0.0,0.0,0.395,0.0,0.0,0.0,54.8,1,Partially Eligible
5.0,software-developer,0.85,1.0,7.13,1.0,0.5,0.474,0.48,2.0,3.0,72.2,2,Eligible
5.0,software-developer,0.92,1.0,8.82,5.0,2.5,0.84,0.714,4.0,4.0,99.0,3,Highly Eligible
3.0,data-scientist,0.85,1.0,7.89,5.0,2.5,0.719,0.524,2.0,3.0,86.2,3,Highly Eligible
1.0,data-analyst,0.92,1.0,8.21,3.0,3.0,0.658,0.645,5.0,1.0,83.8,3,Highly Eligible
1.0,data-analyst,0.85,0.75,7.95,0.0,0.0,0.683,0.259,2.0,1.0,72.5,2,Eligible
2.0,machine-learning-engineer,0.92,1.0,8.54,1.0,0.5,0.545,0.425,3.0,3.0,75.3,2,Eligible
1.0,data-analyst,0.85,0.65,7.65,1.5,1.5,0.523,0.348,1.0,1.0,70.5,2,Eligible
0.0,python-developer,0.85,1.0,8.17,0.0,0.0,0.416,0.288,3.0,0.0,58.5,1,Partially Eligible
4.0,web-developer,0.85,1.0,8.75,3.0,3.0,0.666,0.624,2.0,1.0,82.7,3,Highly Eligible
5.0,software-developer,0.85,1.0,7.88,2.0,1.0,0.655,0.664,5.0,2.0,86.9,3,Highly Eligible
4.0,web-developer,0.85,0.75,7.87,1.0,1.0,0.68,0.558,4.0,1.0,83.8,3,Highly Eligible
0.0,python-developer,0.85,1.0,7.43,0.5,0.25,0.362,0.446,1.0,0.0,56.3,1,Partially Eligible
5.0,software-developer,0.65,0.35,6.46,0.0,0.0,0.258,0.081,1.0,0.0,39.3,0,Foundational / Action Required
2.0,machine-learning-engineer,0.85,1.0,8.64,2.0,1.0,0.884,0.508,3.0,3.0,99.0,3,Highly Eligible
0.0,python-developer,0.92,1.0,7.64,2.0,1.0,0.911,0.571,3.0,3.0,95.6,3,Highly Eligible
0.0,python-developer,0.85,0.65,6.45,0.0,0.0,0.0,0.0,0.0,0.0,44.8,0,Foundational / Action Required
4.0,web-developer,0.92,0.75,8.28,2.5,2.5,0.788,0.448,3.0,2.0,92.2,3,Highly Eligible
3.0,data-scientist,0.85,0.75,8.33,0.0,0.0,0.626,0.18,1.0,2.0,76.9,2,Eligible
4.0,web-developer,0.85,1.0,8.3,0.0,0.0,0.8,0.389,1.0,2.0,77.7,2,Eligible
4.0,web-developer,1.0,1.0,8.26,3.0,3.0,0.854,0.588,3.0,3.0,99.0,3,Highly Eligible
1.0,data-analyst,0.85,1.0,8.3,0.0,0.0,0.615,0.157,3.0,0.0,66.4,1,Partially Eligible
0.0,python-developer,0.85,1.0,8.86,0.0,0.0,0.54,0.53,3.0,0.0,66.2,1,Partially Eligible
4.0,web-developer,0.85,1.0,7.87,1.0,1.0,0.85,0.15,1.0,1.0,83.8,3,Highly Eligible
0.0,python-developer,0.92,1.0,8.83,4.0,2.0,0.934,0.832,6.0,3.0,99.0,3,Highly Eligible
1.0,data-analyst,0.65,0.65,7.43,0.5,0.5,0.16,0.0,0.0,0.0,45.1,0,Foundational / Action Required
0.0,python-developer,0.85,1.0,7.61,0.0,0.0,0.581,0.293,3.0,0.0,66.9,1,Partially Eligible
4.0,web-developer,0.85,1.0,6.94,0.0,0.0,0.598,0.403,3.0,2.0,73.2,2,Eligible
0.0,python-developer,0.85,0.75,7.76,2.0,1.0,0.845,0.693,3.0,0.0,81.3,2,Eligible
5.0,software-developer,0.85,1.0,7.12,5.0,2.5,0.666,0.748,3.0,2.0,82.7,3,Highly Eligible
1.0,data-analyst,0.85,1.0,7.93,0.5,0.5,0.613,0.546,3.0,2.0,75.5,2,Eligible
3.0,data-scientist,0.92,0.75,9.15,0.0,0.0,0.711,0.417,1.0,0.0,67.8,1,Partially Eligible
0.0,python-developer,0.85,0.75,7.36,2.0,1.0,0.419,0.249,1.0,1.0,63.5,1,Partially Eligible
4.0,web-developer,0.85,0.75,7.99,2.5,2.5,0.546,0.293,1.0,1.0,70.8,2,Eligible
1.0,data-analyst,0.85,1.0,7.94,0.0,0.0,0.544,0.402,2.0,0.0,64.9,1,Partially Eligible
4.0,web-developer,0.85,1.0,8.81,2.0,2.0,0.6,0.832,4.0,2.0,83.6,3,Highly Eligible
4.0,web-developer,0.92,1.0,7.92,0.0,0.0,0.416,0.452,1.0,1.0,60.5,1,Partially Eligible
0.0,python-developer,0.85,1.0,7.13,0.0,0.0,0.566,0.441,1.0,0.0,65.5,1,Partially Eligible
4.0,web-developer,0.85,1.0,7.73,0.0,0.0,0.574,0.585,1.0,1.0,65.5,1,Partially Eligible
0.0,python-developer,0.92,1.0,7.3,0.0,0.0,0.437,0.464,3.0,1.0,62.9,1,Partially Eligible
3.0,data-scientist,0.85,0.75,7.83,4.0,2.0,0.96,0.593,5.0,1.0,94.0,3,Highly Eligible
5.0,software-developer,1.0,1.0,9.3,5.0,2.5,1.0,0.751,4.0,3.0,99.0,3,Highly Eligible
4.0,web-developer,0.85,1.0,8.8,0.0,0.0,0.581,0.378,3.0,1.0,73.1,2,Eligible
4.0,web-developer,0.85,1.0,8.7,3.0,3.0,0.713,0.785,3.0,3.0,91.6,3,Highly Eligible
4.0,web-developer,0.85,1.0,6.22,1.0,1.0,0.85,0.268,3.0,0.0,85.7,3,Highly Eligible
2.0,machine-learning-engineer,0.85,0.75,8.46,1.0,0.5,0.649,0.248,2.0,3.0,82.6,3,Highly Eligible
2.0,machine-learning-engineer,0.85,0.75,7.87,0.0,0.0,0.502,0.189,2.0,0.0,65.4,1,Partially Eligible
1.0,data-analyst,0.85,1.0,9.14,0.0,0.0,0.8,0.1,3.0,1.0,84.3,3,Highly Eligible
5.0,software-developer,0.85,0.35,8.0,0.5,0.25,0.229,0.164,1.0,1.0,54.8,1,Partially Eligible
5.0,software-developer,0.85,0.75,8.46,0.0,0.0,0.379,0.314,2.0,0.0,56.1,1,Partially Eligible
2.0,machine-learning-engineer,0.85,0.75,6.99,1.5,0.75,0.643,0.559,1.0,0.0,70.5,2,Eligible
1.0,data-analyst,0.85,1.0,8.31,5.0,3.0,0.764,0.662,3.0,1.0,87.7,3,Highly Eligible
2.0,machine-learning-engineer,0.85,1.0,6.49,1.0,0.5,0.511,0.287,1.0,3.0,72.0,2,Eligible
3.0,data-scientist,0.85,1.0,7.61,0.0,0.0,0.702,0.6,2.0,0.0,69.1,2,Eligible
1.0,data-analyst,0.65,0.35,7.89,0.0,0.0,0.284,0.153,0.0,0.0,45.3,0,Foundational / Action Required
5.0,software-developer,0.85,0.65,7.23,2.0,1.0,0.4,0.335,1.0,3.0,70.2,2,Eligible
5.0,software-developer,0.65,0.65,5.82,0.0,0.0,0.21,0.12,0.0,0.0,36.9,0,Foundational / Action Required
2.0,machine-learning-engineer,0.85,0.65,9.18,1.0,0.5,0.597,0.564,3.0,2.0,72.6,2,Eligible
3.0,data-scientist,0.85,0.75,7.18,1.0,0.5,0.85,0.491,2.0,3.0,91.2,3,Highly Eligible
2.0,machine-learning-engineer,0.65,0.35,7.11,0.0,0.0,0.321,0.004,1.0,0.0,50.7,0,Foundational / Action Required
0.0,python-developer,0.92,0.75,8.15,1.0,0.5,0.403,0.261,2.0,1.0,63.7,1,Partially Eligible
0.0,python-developer,0.65,1.0,5.0,0.0,0.0,0.118,0.0,1.0,0.0,35.1,0,Foundational / Action Required
3.0,data-scientist,0.65,1.0,7.74,2.5,1.25,0.677,0.386,3.0,1.0,75.0,2,Eligible
4.0,web-developer,0.85,0.75,7.22,0.5,0.5,0.496,0.6,3.0,1.0,70.2,2,Eligible
4.0,web-developer,0.92,1.0,8.09,1.0,1.0,0.431,0.113,1.0,0.0,64.3,1,Partially Eligible
0.0,python-developer,0.85,0.75,8.84,0.0,0.0,0.598,0.6,3.0,1.0,69.1,2,Eligible
0.0,python-developer,0.92,0.75,8.39,0.0,0.0,0.428,0.415,2.0,2.0,59.0,1,Partially Eligible
4.0,web-developer,0.85,1.0,7.13,1.0,1.0,0.727,0.75,2.0,0.0,75.9,2,Eligible
1.0,data-analyst,0.92,0.75,7.37,1.0,1.0,0.4,0.477,2.0,1.0,67.2,1,Partially Eligible
4.0,web-developer,0.85,1.0,9.04,3.0,3.0,0.869,0.728,3.0,3.0,97.2,3,Highly Eligible
2.0,machine-learning-engineer,0.85,1.0,8.98,0.0,0.0,0.633,0.454,1.0,1.0,68.5,2,Eligible
1.0,data-analyst,0.45,0.35,6.07,0.0,0.0,0.184,0.0,0.0,0.0,39.4,0,Foundational / Action Required
2.0,machine-learning-engineer,0.65,0.35,6.6,0.0,0.0,0.112,0.116,2.0,0.0,41.3,0,Foundational / Action Required
0.0,python-developer,0.45,0.35,8.0,0.0,0.0,0.272,0.055,0.0,0.0,39.4,0,Foundational / Action Required
1.0,data-analyst,0.65,0.35,6.76,0.0,0.0,0.216,0.198,0.0,0.0,35.1,0,Foundational / Action Required
2.0,machine-learning-engineer,0.85,0.75,6.0,1.0,0.5,0.551,0.218,1.0,3.0,70.1,2,Eligible
2.0,machine-learning-engineer,0.85,0.75,6.48,1.0,0.5,0.515,0.489,3.0,1.0,65.9,1,Partially Eligible
1.0,data-analyst,0.92,0.65,6.88,2.0,2.0,0.403,0.408,2.0,1.0,66.9,1,Partially Eligible
3.0,data-scientist,0.92,0.75,7.58,0.5,0.25,0.712,0.6,3.0,2.0,75.3,2,Eligible
4.0,web-developer,0.85,1.0,8.15,3.0,3.0,0.672,0.725,5.0,1.0,79.0,2,Eligible
5.0,software-developer,0.85,0.65,8.69,1.5,0.75,0.425,0.15,2.0,1.0,63.0,1,Partially Eligible
2.0,machine-learning-engineer,0.65,0.65,5.38,0.0,0.0,0.241,0.095,1.0,0.0,41.1,0,Foundational / Action Required
4.0,web-developer,0.85,1.0,8.46,0.0,0.0,0.674,0.183,1.0,1.0,72.5,2,Eligible
5.0,software-developer,0.85,0.75,7.6,1.0,0.5,0.566,0.515,1.0,1.0,67.9,1,Partially Eligible
4.0,web-developer,0.65,0.65,6.96,0.5,0.5,0.0,0.123,1.0,0.0,42.0,0,Foundational / Action Required
0.0,python-developer,0.85,1.0,8.39,2.0,1.0,0.899,0.525,3.0,2.0,92.5,3,Highly Eligible
5.0,software-developer,0.85,0.75,7.02,1.0,0.5,0.63,0.413,2.0,0.0,65.0,1,Partially Eligible
4.0,web-developer,0.92,0.75,8.94,0.5,0.5,0.727,0.6,2.0,1.0,75.0,2,Eligible
2.0,machine-learning-engineer,1.0,1.0,8.51,6.0,3.0,1.0,0.767,4.0,2.0,99.0,3,Highly Eligible
5.0,software-developer,0.85,1.0,8.77,4.0,2.0,0.705,0.529,3.0,4.0,87.0,3,Highly Eligible
0.0,python-developer,0.92,0.75,8.15,2.0,1.0,0.71,0.383,1.0,1.0,79.7,2,Eligible
1.0,data-analyst,0.85,0.75,7.11,3.0,3.0,0.806,0.844,3.0,2.0,89.2,3,Highly Eligible
2.0,machine-learning-engineer,0.85,1.0,7.83,0.5,0.25,0.662,0.124,1.0,1.0,70.1,2,Eligible
0.0,python-developer,0.45,0.35,6.71,0.0,0.0,0.226,0.044,1.0,1.0,42.2,0,Foundational / Action Required
0.0,python-developer,0.85,1.0,7.73,1.0,0.5,0.85,0.578,3.0,0.0,80.8,2,Eligible
5.0,software-developer,0.92,1.0,9.6,6.0,3.0,0.982,0.783,5.0,2.0,99.0,3,Highly Eligible
4.0,web-developer,0.92,1.0,8.63,2.0,2.0,0.756,0.661,3.0,3.0,93.3,3,Highly Eligible
1.0,data-analyst,0.85,1.0,7.06,0.5,0.5,0.582,0.6,2.0,2.0,75.4,2,Eligible
2.0,machine-learning-engineer,0.92,0.75,8.58,4.0,2.0,0.912,0.781,4.0,1.0,92.4,3,Highly Eligible
2.0,machine-learning-engineer,0.92,0.75,8.05,0.0,0.0,0.578,0.213,3.0,0.0,64.8,1,Partially Eligible
4.0,web-developer,0.85,0.75,8.31,5.0,3.0,0.768,0.435,3.0,2.0,83.6,3,Highly Eligible
1.0,data-analyst,0.92,1.0,7.2,1.0,1.0,0.554,0.323,2.0,1.0,74.9,2,Eligible
5.0,software-developer,0.85,1.0,8.36,0.0,0.0,0.477,0.17,1.0,1.0,58.4,1,Partially Eligible
2.0,machine-learning-engineer,0.85,1.0,7.6,2.5,1.25,0.603,0.318,2.0,1.0,76.8,2,Eligible
1.0,data-analyst,0.85,1.0,8.34,0.0,0.0,0.652,0.398,2.0,0.0,70.5,2,Eligible
5.0,software-developer,0.85,0.75,8.76,1.0,0.5,0.721,0.626,2.0,1.0,75.7,2,Eligible
5.0,software-developer,0.85,1.0,7.43,2.5,1.25,0.826,0.458,3.0,0.0,85.0,3,Highly Eligible
2.0,machine-learning-engineer,0.92,1.0,7.83,1.5,0.75,0.516,0.52,2.0,2.0,74.3,2,Eligible
4.0,web-developer,0.65,0.35,6.69,0.0,0.0,0.041,0.0,1.0,1.0,36.0,0,Foundational / Action Required
3.0,data-scientist,0.85,0.65,6.75,1.5,0.75,0.441,0.484,1.0,1.0,61.5,1,Partially Eligible
2.0,machine-learning-engineer,0.45,1.0,6.89,0.0,0.0,0.144,0.159,0.0,1.0,38.0,0,Foundational / Action Required
0.0,python-developer,0.65,0.75,5.99,0.0,0.0,0.093,0.0,0.0,0.0,31.4,0,Foundational / Action Required
0.0,python-developer,0.85,0.75,8.76,2.0,1.0,0.602,0.221,2.0,0.0,72.8,2,Eligible
5.0,software-developer,0.85,0.75,7.91,0.0,0.0,0.612,0.29,3.0,0.0,63.8,1,Partially Eligible
3.0,data-scientist,0.85,1.0,9.09,3.0,1.5,0.732,0.474,2.0,4.0,92.4,3,Highly Eligible
2.0,machine-learning-engineer,1.0,1.0,9.59,3.0,1.5,0.958,0.65,5.0,3.0,99.0,3,Highly Eligible
0.0,python-developer,0.65,0.75,5.73,0.0,0.0,0.163,0.022,1.0,0.0,36.0,0,Foundational / Action Required
0.0,python-developer,0.85,1.0,7.48,2.0,1.0,0.4,0.341,3.0,0.0,68.0,1,Partially Eligible
2.0,machine-learning-engineer,0.85,0.65,6.48,1.5,0.75,0.689,0.303,4.0,0.0,74.0,2,Eligible
1.0,data-analyst,0.85,0.75,7.86,2.0,2.0,0.848,0.678,1.0,0.0,86.8,3,Highly Eligible
5.0,software-developer,0.92,1.0,9.66,4.0,2.0,0.868,0.914,3.0,2.0,97.1,3,Highly Eligible
2.0,machine-learning-engineer,0.85,1.0,7.49,1.5,0.75,0.718,0.388,2.0,1.0,80.8,2,Eligible
1.0,data-analyst,0.92,1.0,9.35,4.0,3.0,0.967,0.938,4.0,4.0,99.0,3,Highly Eligible
5.0,software-developer,1.0,1.0,9.39,6.0,3.0,0.97,0.733,4.0,3.0,99.0,3,Highly Eligible
3.0,data-scientist,0.85,0.75,6.69,2.0,1.0,0.673,0.15,2.0,2.0,79.2,2,Eligible
4.0,web-developer,0.85,1.0,6.89,2.0,2.0,0.4,0.734,2.0,1.0,68.5,2,Eligible
5.0,software-developer,0.45,0.35,7.1,0.5,0.25,0.058,0.0,1.0,0.0,34.4,0,Foundational / Action Required
3.0,data-scientist,0.92,1.0,7.18,4.0,2.0,0.904,0.598,4.0,2.0,95.1,3,Highly Eligible
4.0,web-developer,0.85,1.0,8.6,0.0,0.0,0.495,0.431,1.0,1.0,66.2,1,Partially Eligible
0.0,python-developer,0.85,0.65,5.57,0.0,0.0,0.262,0.091,0.0,1.0,47.5,0,Foundational / Action Required
0.0,python-developer,0.85,1.0,7.87,1.5,0.75,0.625,0.291,2.0,1.0,76.9,2,Eligible
0.0,python-developer,0.85,0.75,8.77,2.5,1.25,0.4,0.464,3.0,1.0,69.1,2,Eligible
5.0,software-developer,0.65,0.65,6.3,0.0,0.0,0.45,0.124,0.0,0.0,44.6,0,Foundational / Action Required
1.0,data-analyst,0.45,0.65,5.89,0.0,0.0,0.432,0.0,2.0,1.0,52.5,1,Partially Eligible
4.0,web-developer,0.85,1.0,7.58,1.5,1.5,0.518,0.696,2.0,0.0,71.5,2,Eligible
0.0,python-developer,0.92,1.0,8.32,4.0,2.0,0.967,0.709,3.0,4.0,99.0,3,Highly Eligible
2.0,machine-learning-engineer,0.85,1.0,7.31,0.0,0.0,0.58,0.527,1.0,1.0,66.9,1,Partially Eligible
4.0,web-developer,0.65,0.65,5.02,0.0,0.0,0.294,0.072,0.0,0.0,39.9,0,Foundational / Action Required
4.0,web-developer,1.0,1.0,9.14,5.0,3.0,1.0,0.903,4.0,3.0,99.0,3,Highly Eligible
1.0,data-analyst,0.85,1.0,8.82,4.0,3.0,0.796,0.408,3.0,3.0,94.9,3,Highly Eligible
3.0,data-scientist,0.85,0.65,8.7,1.0,0.5,0.4,0.483,2.0,0.0,60.6,1,Partially Eligible
1.0,data-analyst,0.85,0.75,7.86,2.0,2.0,0.726,0.229,2.0,0.0,77.9,2,Eligible
0.0,python-developer,1.0,1.0,8.41,3.0,1.5,1.0,0.78,4.0,3.0,99.0,3,Highly Eligible
2.0,machine-learning-engineer,0.65,0.65,6.19,0.0,0.0,0.163,0.059,0.0,0.0,41.2,0,Foundational / Action Required
2.0,machine-learning-engineer,0.65,0.75,7.19,0.0,0.0,0.21,0.082,2.0,0.0,43.9,0,Foundational / Action Required
0.0,python-developer,1.0,1.0,9.28,4.0,2.0,0.906,0.948,5.0,4.0,99.0,3,Highly Eligible
2.0,machine-learning-engineer,0.92,1.0,7.89,0.0,0.0,0.456,0.553,3.0,0.0,66.4,1,Partially Eligible
1.0,data-analyst,0.85,1.0,7.89,4.0,3.0,0.669,0.884,3.0,3.0,84.0,3,Highly Eligible
5.0,software-developer,0.85,0.75,7.11,0.0,0.0,0.535,0.259,2.0,2.0,66.9,1,Partially Eligible
1.0,data-analyst,0.65,0.65,7.86,0.0,0.0,0.118,0.076,1.0,0.0,38.8,0,Foundational / Action Required
5.0,software-developer,0.65,1.0,6.55,0.5,0.25,0.0,0.162,1.0,1.0,47.1,0,Foundational / Action Required
0.0,python-developer,0.85,0.75,6.99,1.5,0.75,0.595,0.578,2.0,2.0,73.6,2,Eligible
2.0,machine-learning-engineer,0.65,1.0,6.11,1.5,0.75,0.617,0.322,1.0,0.0,67.3,1,Partially Eligible
4.0,web-developer,0.92,1.0,7.58,0.0,0.0,0.477,0.324,3.0,1.0,69.0,2,Eligible
3.0,data-scientist,0.85,0.65,5.72,0.0,0.0,0.318,0.052,0.0,0.0,48.5,0,Foundational / Action Required
4.0,web-developer,0.85,1.0,7.89,0.0,0.0,0.69,0.1,3.0,2.0,77.5,2,Eligible
5.0,software-developer,0.85,1.0,8.01,0.0,0.0,0.634,0.387,1.0,0.0,64.7,1,Partially Eligible
1.0,data-analyst,0.92,0.75,7.44,0.0,0.0,0.572,0.424,1.0,0.0,55.9,1,Partially Eligible
1.0,data-analyst,0.65,1.0,6.37,0.0,0.0,0.252,0.105,0.0,0.0,45.5,0,Foundational / Action Required
1.0,data-analyst,0.85,1.0,9.39,0.0,0.0,0.8,0.349,2.0,0.0,80.3,2,Eligible
1.0,data-analyst,0.85,1.0,8.63,1.0,1.0,0.509,0.15,2.0,2.0,73.3,2,Eligible
3.0,data-scientist,0.85,1.0,8.46,1.0,0.5,0.518,0.405,2.0,0.0,63.6,1,Partially Eligible
0.0,python-developer,0.85,0.75,7.66,2.0,1.0,0.671,0.438,3.0,1.0,75.3,2,Eligible
1.0,data-analyst,0.85,0.75,7.0,5.0,3.0,0.692,0.764,5.0,2.0,84.6,3,Highly Eligible
5.0,software-developer,0.85,1.0,8.66,0.0,0.0,0.415,0.33,2.0,0.0,59.0,1,Partially Eligible
2.0,machine-learning-engineer,0.85,0.75,6.54,1.5,0.75,0.4,0.609,3.0,0.0,63.4,1,Partially Eligible
3.0,data-scientist,0.65,1.0,6.94,2.0,1.0,0.702,0.15,1.0,3.0,79.8,2,Eligible
5.0,software-developer,0.45,0.35,7.15,0.0,0.0,0.45,0.002,0.0,0.0,44.7,0,Foundational / Action Required
5.0,software-developer,0.85,1.0,8.48,5.0,2.5,0.792,0.555,2.0,2.0,91.0,3,Highly Eligible
1.0,data-analyst,0.85,1.0,8.07,0.0,0.0,0.566,0.181,1.0,1.0,70.4,2,Eligible
2.0,machine-learning-engineer,0.65,0.35,7.34,0.0,0.0,0.291,0.04,0.0,0.0,46.4,0,Foundational / Action Required
1.0,data-analyst,0.92,0.75,8.47,2.5,2.5,0.841,0.485,2.0,0.0,82.4,3,Highly Eligible
5.0,software-developer,0.85,1.0,7.74,2.0,1.0,0.743,0.282,2.0,1.0,82.4,3,Highly Eligible
0.0,python-developer,0.85,1.0,7.19,0.0,0.0,0.423,0.411,1.0,1.0,62.5,1,Partially Eligible
3.0,data-scientist,0.92,0.75,8.92,3.0,1.5,0.853,0.561,3.0,1.0,94.7,3,Highly Eligible
0.0,python-developer,0.65,0.75,7.92,1.0,0.5,0.4,0.579,1.0,0.0,55.4,1,Partially Eligible
3.0,data-scientist,0.85,0.65,5.72,0.0,0.0,0.19,0.116,1.0,0.0,44.2,0,Foundational / Action Required
1.0,data-analyst,0.45,0.35,6.18,0.0,0.0,0.126,0.115,1.0,0.0,34.9,0,Foundational / Action Required
1.0,data-analyst,0.85,0.35,5.38,1.0,1.0,0.347,0.01,2.0,0.0,55.1,1,Partially Eligible
3.0,data-scientist,0.85,1.0,8.66,1.0,0.5,0.798,0.377,1.0,1.0,83.2,3,Highly Eligible
2.0,machine-learning-engineer,0.92,1.0,8.24,3.0,1.5,0.724,0.68,3.0,2.0,90.4,3,Highly Eligible
2.0,machine-learning-engineer,0.85,0.35,5.0,0.0,0.0,0.16,0.226,0.0,0.0,42.6,0,Foundational / Action Required
1.0,data-analyst,0.65,0.35,7.3,0.5,0.5,0.232,0.0,0.0,0.0,39.0,0,Foundational / Action Required
1.0,data-analyst,0.85,1.0,8.49,2.0,2.0,0.611,0.733,2.0,3.0,86.1,3,Highly Eligible
0.0,python-developer,0.85,1.0,8.14,0.0,0.0,0.502,0.276,1.0,0.0,60.7,1,Partially Eligible
5.0,software-developer,0.85,0.65,7.68,2.0,1.0,0.511,0.192,2.0,0.0,63.5,1,Partially Eligible
1.0,data-analyst,0.85,0.65,7.75,0.0,0.0,0.262,0.042,0.0,0.0,44.4,0,Foundational / Action Required
3.0,data-scientist,0.92,1.0,6.68,1.0,0.5,0.67,0.458,3.0,2.0,84.3,3,Highly Eligible
2.0,machine-learning-engineer,0.92,0.75,8.68,3.0,1.5,0.854,0.441,5.0,1.0,94.9,3,Highly Eligible
2.0,machine-learning-engineer,0.85,1.0,7.17,1.5,0.75,0.502,0.476,2.0,3.0,74.6,2,Eligible
0.0,python-developer,0.65,0.35,6.88,0.0,0.0,0.094,0.019,0.0,0.0,39.0,0,Foundational / Action Required
2.0,machine-learning-engineer,0.92,1.0,8.52,5.0,2.5,0.812,0.838,4.0,4.0,98.0,3,Highly Eligible
2.0,machine-learning-engineer,0.65,1.0,7.03,0.0,0.0,0.192,0.007,0.0,0.0,40.7,0,Foundational / Action Required
5.0,software-developer,0.45,0.65,6.17,0.0,0.0,0.241,0.0,0.0,0.0,38.2,0,Foundational / Action Required
4.0,web-developer,1.0,1.0,9.67,5.0,3.0,0.819,0.942,5.0,2.0,99.0,3,Highly Eligible
3.0,data-scientist,0.65,0.75,7.47,1.0,0.5,0.231,0.15,1.0,1.0,47.0,0,Foundational / Action Required
5.0,software-developer,1.0,1.0,9.37,3.0,1.5,0.869,0.815,4.0,3.0,99.0,3,Highly Eligible
4.0,web-developer,0.85,1.0,8.26,0.0,0.0,0.638,0.331,3.0,1.0,73.3,2,Eligible
2.0,machine-learning-engineer,0.85,1.0,8.25,4.0,2.0,0.764,0.692,3.0,3.0,91.5,3,Highly Eligible
0.0,python-developer,0.85,0.75,8.55,1.0,0.5,0.464,0.247,2.0,2.0,66.6,1,Partially Eligible
0.0,python-developer,0.92,1.0,8.8,6.0,3.0,0.946,0.728,4.0,4.0,99.0,3,Highly Eligible
2.0,machine-learning-engineer,0.85,1.0,8.02,0.0,0.0,0.566,0.265,1.0,0.0,66.6,1,Partially Eligible
1.0,data-analyst,0.65,1.0,7.48,0.0,0.0,0.199,0.202,0.0,0.0,45.2,0,Foundational / Action Required
4.0,web-developer,0.65,0.75,7.71,1.5,1.5,0.602,0.35,3.0,1.0,75.4,2,Eligible
2.0,machine-learning-engineer,0.85,1.0,7.6,2.0,1.0,1.0,0.598,3.0,3.0,99.0,3,Highly Eligible
0.0,python-developer,0.85,0.75,7.81,0.5,0.25,0.705,0.358,2.0,1.0,72.9,2,Eligible
0.0,python-developer,0.65,0.75,7.83,0.0,0.0,0.151,0.136,0.0,0.0,41.8,0,Foundational / Action Required
4.0,web-developer,0.85,0.75,8.08,2.0,2.0,0.541,0.278,2.0,1.0,65.2,1,Partially Eligible
3.0,data-scientist,0.92,1.0,9.5,1.0,0.5,0.461,0.316,2.0,1.0,74.0,2,Eligible
2.0,machine-learning-engineer,0.85,0.75,7.83,1.5,0.75,0.574,0.408,3.0,1.0,74.2,2,Eligible
5.0,software-developer,0.65,0.35,5.77,0.0,0.0,0.45,0.043,0.0,1.0,51.1,0,Foundational / Action Required
2.0,machine-learning-engineer,0.85,1.0,7.56,3.0,1.5,0.915,0.722,3.0,3.0,95.3,3,Highly Eligible
3.0,data-scientist,0.92,1.0,7.6,5.0,2.5,0.705,0.871,4.0,2.0,87.2,3,Highly Eligible
4.0,web-developer,0.85,1.0,7.11,0.0,0.0,0.363,0.493,1.0,0.0,56.4,1,Partially Eligible
4.0,web-developer,0.92,0.75,7.4,3.0,3.0,0.915,0.75,3.0,4.0,99.0,3,Highly Eligible
0.0,python-developer,0.92,1.0,8.34,0.0,0.0,0.632,0.411,1.0,2.0,76.0,2,Eligible
3.0,data-scientist,0.45,0.65,8.0,0.0,0.0,0.317,0.172,1.0,0.0,43.7,0,Foundational / Action Required
4.0,web-developer,0.65,0.65,5.87,0.0,0.0,0.2,0.259,0.0,0.0,38.8,0,Foundational / Action Required
1.0,data-analyst,0.85,1.0,6.73,2.5,2.5,0.654,0.258,3.0,0.0,77.1,2,Eligible
2.0,machine-learning-engineer,0.92,1.0,7.0,4.0,2.0,0.815,0.671,3.0,1.0,85.8,3,Highly Eligible
0.0,python-developer,0.92,1.0,8.41,0.0,0.0,0.494,0.27,2.0,0.0,65.6,1,Partially Eligible
5.0,software-developer,0.85,1.0,8.77,5.0,2.5,0.684,0.501,3.0,1.0,84.0,3,Highly Eligible
3.0,data-scientist,0.92,0.75,9.12,5.0,2.5,0.803,0.747,3.0,2.0,90.6,3,Highly Eligible
0.0,python-developer,0.85,1.0,9.03,4.0,2.0,0.796,0.396,3.0,2.0,88.9,3,Highly Eligible
4.0,web-developer,0.92,1.0,7.49,0.0,0.0,0.504,0.333,1.0,1.0,66.4,1,Partially Eligible
4.0,web-developer,0.85,1.0,9.5,0.0,0.0,0.8,0.426,2.0,0.0,77.4,2,Eligible
5.0,software-developer,0.85,1.0,8.46,0.0,0.0,0.41,0.564,2.0,1.0,61.9,1,Partially Eligible
5.0,software-developer,0.85,0.75,7.75,0.5,0.25,0.612,0.548,2.0,2.0,70.5,2,Eligible
5.0,software-developer,0.45,0.65,7.04,0.0,0.0,0.176,0.192,1.0,1.0,36.8,0,Foundational / Action Required
5.0,software-developer,0.85,0.75,8.04,0.0,0.0,0.773,0.28,2.0,1.0,73.4,2,Eligible
5.0,software-developer,0.65,0.65,7.44,2.5,1.25,0.468,0.61,2.0,1.0,66.0,1,Partially Eligible
1.0,data-analyst,0.85,0.75,6.54,0.0,0.0,0.047,0.153,0.0,0.0,40.3,0,Foundational / Action Required
2.0,machine-learning-engineer,0.45,0.35,5.96,0.5,0.25,0.25,0.052,0.0,0.0,36.4,0,Foundational / Action Required
3.0,data-scientist,0.85,1.0,7.63,0.5,0.25,0.573,0.6,2.0,0.0,70.9,2,Eligible
0.0,python-developer,0.65,0.65,6.25,1.0,0.5,0.171,0.032,0.0,0.0,43.4,0,Foundational / Action Required
5.0,software-developer,0.85,1.0,7.74,1.0,0.5,0.659,0.514,2.0,0.0,71.5,2,Eligible
2.0,machine-learning-engineer,0.85,1.0,7.88,5.0,2.5,0.831,0.527,3.0,1.0,85.6,3,Highly Eligible
4.0,web-developer,0.85,0.75,8.57,2.0,2.0,0.501,0.329,2.0,0.0,65.7,1,Partially Eligible
2.0,machine-learning-engineer,0.92,0.75,7.81,4.0,2.0,0.767,0.572,3.0,4.0,95.0,3,Highly Eligible
5.0,software-developer,0.85,0.75,7.94,2.0,1.0,0.75,0.699,3.0,1.0,82.5,3,Highly Eligible
0.0,python-developer,0.85,0.75,6.44,0.0,0.0,0.097,0.21,1.0,0.0,35.0,0,Foundational / Action Required
5.0,software-developer,0.85,0.75,8.19,5.0,2.5,0.823,0.65,5.0,1.0,92.1,3,Highly Eligible
2.0,machine-learning-engineer,0.85,1.0,9.5,0.0,0.0,0.73,0.239,3.0,0.0,72.7,2,Eligible
4.0,web-developer,0.85,1.0,7.75,3.0,3.0,0.88,0.621,5.0,2.0,99.0,3,Highly Eligible
2.0,machine-learning-engineer,0.65,1.0,7.14,0.5,0.25,0.153,0.034,1.0,0.0,43.1,0,Foundational / Action Required
5.0,software-developer,0.85,1.0,7.97,3.0,1.5,0.957,0.429,3.0,3.0,96.7,3,Highly Eligible
3.0,data-scientist,0.85,1.0,7.35,1.0,0.5,0.406,0.435,2.0,0.0,65.7,1,Partially Eligible
2.0,machine-learning-engineer,0.85,1.0,7.06,1.0,0.5,0.566,0.379,2.0,0.0,69.5,2,Eligible
3.0,data-scientist,0.85,0.65,5.2,0.0,0.0,0.207,0.058,0.0,0.0,41.2,0,Foundational / Action Required
5.0,software-developer,0.85,1.0,7.78,0.0,0.0,0.734,0.59,1.0,1.0,76.3,2,Eligible
2.0,machine-learning-engineer,0.65,1.0,6.53,0.0,0.0,0.259,0.116,0.0,0.0,45.5,0,Foundational / Action Required
4.0,web-developer,0.85,1.0,6.72,0.0,0.0,0.707,0.543,2.0,0.0,70.8,2,Eligible
1.0,data-analyst,1.0,1.0,9.37,6.0,3.0,0.963,0.828,4.0,2.0,99.0,3,Highly Eligible
1.0,data-analyst,0.85,1.0,9.14,0.0,0.0,0.607,0.224,2.0,1.0,72.3,2,Eligible
3.0,data-scientist,0.92,0.75,6.0,1.5,0.75,0.597,0.477,3.0,0.0,72.2,2,Eligible
5.0,software-developer,0.85,1.0,7.57,3.0,1.5,0.665,0.791,3.0,1.0,80.4,2,Eligible
3.0,data-scientist,0.85,1.0,8.02,1.0,0.5,0.791,0.246,1.0,1.0,80.0,2,Eligible
5.0,software-developer,0.85,0.75,6.99,0.0,0.0,0.013,0.254,0.0,0.0,40.6,0,Foundational / Action Required
5.0,software-developer,0.45,0.65,7.27,1.0,0.5,0.45,0.026,0.0,0.0,49.7,0,Foundational / Action Required
1.0,data-analyst,0.92,1.0,9.31,3.0,3.0,0.898,0.633,3.0,3.0,99.0,3,Highly Eligible
4.0,web-developer,0.85,1.0,8.56,0.0,0.0,0.46,0.235,3.0,1.0,66.8,1,Partially Eligible
4.0,web-developer,0.85,1.0,7.63,1.0,1.0,0.721,0.207,2.0,1.0,81.5,2,Eligible
2.0,machine-learning-engineer,0.65,0.75,8.12,1.5,0.75,0.598,0.701,3.0,0.0,65.5,1,Partially Eligible
3.0,data-scientist,0.85,1.0,7.77,0.0,0.0,0.409,0.453,1.0,0.0,56.0,1,Partially Eligible
4.0,web-developer,0.65,0.65,8.07,2.5,2.5,0.7,0.478,1.0,2.0,78.8,2,Eligible
0.0,python-developer,0.92,1.0,8.65,4.0,2.0,0.746,0.546,4.0,1.0,87.1,3,Highly Eligible
2.0,machine-learning-engineer,0.85,0.35,6.16,0.5,0.25,0.327,0.191,2.0,0.0,53.3,1,Partially Eligible
2.0,machine-learning-engineer,0.45,0.65,6.42,0.0,0.0,0.319,0.152,2.0,0.0,42.0,0,Foundational / Action Required
1.0,data-analyst,0.65,1.0,6.67,1.5,1.5,0.601,0.449,2.0,0.0,64.0,1,Partially Eligible
3.0,data-scientist,0.92,1.0,7.7,3.0,1.5,0.734,0.588,4.0,2.0,87.8,3,Highly Eligible
4.0,web-developer,0.85,1.0,8.32,0.0,0.0,0.584,0.506,3.0,2.0,69.8,2,Eligible
4.0,web-developer,0.85,1.0,7.82,2.0,2.0,0.6,0.733,3.0,2.0,80.3,2,Eligible
5.0,software-developer,0.92,1.0,7.59,0.0,0.0,0.498,0.372,2.0,1.0,69.1,2,Eligible
2.0,machine-learning-engineer,0.92,1.0,8.51,0.0,0.0,0.559,0.404,1.0,0.0,67.4,1,Partially Eligible
3.0,data-scientist,0.85,0.35,6.52,0.0,0.0,0.0,0.078,0.0,0.0,37.6,0,Foundational / Action Required
3.0,data-scientist,0.85,1.0,8.62,4.0,2.0,1.0,0.492,4.0,2.0,99.0,3,Highly Eligible
3.0,data-scientist,0.85,1.0,6.96,1.5,0.75,0.625,0.535,2.0,2.0,79.7,2,Eligible
5.0,software-developer,0.85,1.0,8.22,0.5,0.25,0.649,0.205,1.0,1.0,71.5,2,Eligible
1.0,data-analyst,0.85,0.75,8.43,0.0,0.0,0.35,0.538,3.0,1.0,57.3,1,Partially Eligible
4.0,web-developer,0.85,0.75,7.75,0.5,0.5,0.42,0.15,2.0,1.0,64.8,1,Partially Eligible
3.0,data-scientist,0.85,1.0,8.49,1.0,0.5,0.436,0.15,2.0,0.0,60.9,1,Partially Eligible
5.0,software-developer,0.85,1.0,8.47,4.0,2.0,0.963,0.467,4.0,2.0,99.0,3,Highly Eligible
1.0,data-analyst,0.85,0.75,7.29,2.0,2.0,0.4,0.414,3.0,3.0,75.1,2,Eligible
5.0,software-developer,0.45,0.75,6.73,0.0,0.0,0.231,0.087,0.0,0.0,34.8,0,Foundational / Action Required
0.0,python-developer,0.85,1.0,9.44,2.0,1.0,0.628,0.551,5.0,3.0,89.0,3,Highly Eligible
2.0,machine-learning-engineer,0.85,1.0,6.81,1.5,0.75,0.532,0.595,2.0,3.0,77.5,2,Eligible
4.0,web-developer,0.65,1.0,6.31,1.5,1.5,0.495,0.303,1.0,1.0,65.2,1,Partially Eligible
5.0,software-developer,0.85,1.0,7.7,2.0,1.0,0.683,0.573,4.0,4.0,87.7,3,Highly Eligible
5.0,software-developer,0.92,1.0,8.83,3.0,1.5,0.982,0.84,3.0,3.0,99.0,3,Highly Eligible
4.0,web-developer,0.85,1.0,7.81,0.0,0.0,0.35,0.52,3.0,2.0,61.9,1,Partially Eligible
2.0,machine-learning-engineer,0.92,1.0,7.98,3.0,1.5,0.907,0.598,3.0,4.0,95.5,3,Highly Eligible
0.0,python-developer,0.85,1.0,7.87,0.0,0.0,0.35,0.446,2.0,0.0,58.8,1,Partially Eligible
1.0,data-analyst,0.92,0.75,7.23,0.0,0.0,0.54,0.326,2.0,2.0,73.6,2,Eligible
5.0,software-developer,0.92,1.0,8.74,4.0,2.0,0.963,0.691,6.0,2.0,99.0,3,Highly Eligible
2.0,machine-learning-engineer,0.92,1.0,7.28,2.0,1.0,0.445,0.16,2.0,0.0,62.2,1,Partially Eligible
1.0,data-analyst,0.92,1.0,8.76,0.0,0.0,0.35,0.386,1.0,2.0,65.4,1,Partially Eligible
1.0,data-analyst,0.92,1.0,8.05,4.0,3.0,0.945,0.837,6.0,3.0,99.0,3,Highly Eligible
1.0,data-analyst,0.65,0.35,6.34,0.0,0.0,0.334,0.159,0.0,0.0,43.3,0,Foundational / Action Required
0.0,python-developer,0.85,1.0,7.6,0.0,0.0,0.373,0.1,3.0,2.0,66.9,1,Partially Eligible
0.0,python-developer,0.85,1.0,7.46,0.0,0.0,0.35,0.153,1.0,0.0,56.8,1,Partially Eligible
1.0,data-analyst,0.92,1.0,8.51,2.0,2.0,0.793,0.545,2.0,2.0,88.2,3,Highly Eligible
3.0,data-scientist,1.0,1.0,9.34,3.0,1.5,0.909,0.838,5.0,2.0,98.0,3,Highly Eligible
4.0,web-developer,0.85,1.0,7.01,0.0,0.0,0.713,0.195,3.0,1.0,75.3,2,Eligible
0.0,python-developer,0.92,1.0,8.67,0.5,0.25,0.463,0.301,2.0,1.0,68.5,2,Eligible
3.0,data-scientist,0.45,0.75,5.0,0.0,0.0,0.045,0.052,0.0,0.0,33.1,0,Foundational / Action Required
3.0,data-scientist,1.0,1.0,8.62,4.0,2.0,0.786,0.543,4.0,2.0,93.1,3,Highly Eligible
5.0,software-developer,0.85,0.75,7.1,1.5,0.75,0.622,0.15,3.0,2.0,80.9,2,Eligible
4.0,web-developer,0.85,0.75,8.74,4.0,3.0,0.807,0.577,3.0,2.0,91.1,3,Highly Eligible
1.0,data-analyst,0.45,1.0,5.87,0.0,0.0,0.106,0.114,1.0,1.0,39.7,0,Foundational / Action Required
5.0,software-developer,0.85,0.75,8.31,0.5,0.25,0.487,0.164,2.0,0.0,58.2,1,Partially Eligible
5.0,software-developer,0.85,0.75,7.57,0.0,0.0,0.679,0.518,1.0,0.0,66.4,1,Partially Eligible
3.0,data-scientist,0.85,1.0,8.32,0.0,0.0,0.745,0.192,2.0,0.0,73.1,2,Eligible
3.0,data-scientist,0.85,0.75,7.19,1.5,0.75,0.709,0.75,3.0,1.0,78.9,2,Eligible
3.0,data-scientist,0.85,1.0,8.76,1.0,0.5,0.489,0.389,3.0,1.0,67.4,1,Partially Eligible
1.0,data-analyst,0.92,1.0,8.48,6.0,3.0,0.918,0.848,6.0,4.0,99.0,3,Highly Eligible
1.0,data-analyst,0.85,1.0,7.82,1.0,1.0,0.45,0.181,1.0,1.0,68.4,2,Eligible
5.0,software-developer,0.85,0.75,7.06,0.0,0.0,0.552,0.476,2.0,0.0,67.0,1,Partially Eligible
5.0,software-developer,0.85,1.0,9.01,3.0,1.5,0.985,0.684,2.0,2.0,99.0,3,Highly Eligible
0.0,python-developer,0.85,0.65,7.93,1.0,0.5,0.558,0.15,1.0,0.0,66.3,1,Partially Eligible
0.0,python-developer,0.92,1.0,8.29,0.0,0.0,0.583,0.362,3.0,2.0,72.5,2,Eligible
3.0,data-scientist,0.65,0.65,7.33,0.0,0.0,0.211,0.022,0.0,0.0,40.6,0,Foundational / Action Required
1.0,data-analyst,0.92,1.0,10.0,3.0,3.0,0.884,1.0,5.0,3.0,99.0,3,Highly Eligible
1.0,data-analyst,0.85,1.0,7.88,1.0,1.0,0.529,0.427,3.0,0.0,72.6,2,Eligible
5.0,software-developer,0.85,1.0,7.78,0.5,0.25,0.631,0.1,2.0,1.0,76.5,2,Eligible
4.0,web-developer,0.85,1.0,8.94,2.0,2.0,0.921,0.63,3.0,2.0,99.0,3,Highly Eligible
3.0,data-scientist,0.92,0.75,7.29,1.5,0.75,0.636,0.401,2.0,1.0,70.9,2,Eligible
0.0,python-developer,0.92,0.75,8.4,3.0,1.5,0.889,0.9,3.0,2.0,93.6,3,Highly Eligible
4.0,web-developer,0.85,1.0,6.73,2.0,2.0,0.618,0.229,2.0,0.0,73.2,2,Eligible
1.0,data-analyst,0.92,1.0,8.72,4.0,3.0,0.8,0.775,3.0,2.0,96.2,3,Highly Eligible
0.0,python-developer,0.85,1.0,8.97,2.5,1.25,0.679,0.302,2.0,2.0,83.9,3,Highly Eligible
3.0,data-scientist,1.0,1.0,8.92,4.0,2.0,0.918,0.807,4.0,3.0,99.0,3,Highly Eligible
1.0,data-analyst,0.92,1.0,8.62,2.5,2.5,0.56,0.416,2.0,0.0,72.2,2,Eligible
3.0,data-scientist,0.92,0.75,7.89,2.5,1.25,0.648,0.481,2.0,1.0,77.6,2,Eligible
5.0,software-developer,0.45,0.75,5.2,0.0,0.0,0.156,0.055,0.0,0.0,29.2,0,Foundational / Action Required
4.0,web-developer,0.92,1.0,7.96,0.5,0.5,0.493,0.264,2.0,1.0,69.6,2,Eligible
4.0,web-developer,0.65,0.65,6.6,1.5,1.5,0.678,0.15,4.0,2.0,79.8,2,Eligible
4.0,web-developer,0.85,0.75,7.55,5.0,3.0,0.797,0.643,3.0,3.0,87.2,3,Highly Eligible
2.0,machine-learning-engineer,0.65,0.35,7.27,0.0,0.0,0.119,0.103,0.0,0.0,38.0,0,Foundational / Action Required
3.0,data-scientist,0.85,0.35,5.92,0.5,0.25,0.437,0.121,0.0,0.0,50.3,0,Foundational / Action Required
4.0,web-developer,0.45,0.35,5.87,0.0,0.0,0.272,0.145,2.0,0.0,39.9,0,Foundational / Action Required
5.0,software-developer,0.85,0.75,8.59,0.0,0.0,0.359,0.329,2.0,1.0,59.7,1,Partially Eligible
4.0,web-developer,0.85,0.75,9.08,2.5,2.5,0.561,0.349,2.0,1.0,74.0,2,Eligible
3.0,data-scientist,0.85,1.0,6.8,0.0,0.0,0.283,0.218,0.0,0.0,50.2,0,Foundational / Action Required
4.0,web-developer,0.85,0.75,7.83,2.0,2.0,0.701,0.439,1.0,0.0,72.4,2,Eligible
3.0,data-scientist,0.85,1.0,7.49,1.0,0.5,0.474,0.406,3.0,1.0,69.8,2,Eligible
1.0,data-analyst,0.85,0.35,7.99,0.0,0.0,0.086,0.116,0.0,0.0,44.8,0,Foundational / Action Required
5.0,software-developer,0.85,0.65,7.04,0.0,0.0,0.412,0.0,1.0,1.0,56.0,1,Partially Eligible
3.0,data-scientist,0.65,0.65,5.2,0.5,0.25,0.158,0.3,0.0,0.0,35.3,0,Foundational / Action Required
3.0,data-scientist,0.85,0.35,5.77,0.0,0.0,0.389,0.0,0.0,0.0,49.4,0,Foundational / Action Required
2.0,machine-learning-engineer,0.85,0.75,6.5,1.0,0.5,0.573,0.282,2.0,0.0,63.5,1,Partially Eligible
1.0,data-analyst,0.65,0.65,6.51,2.0,2.0,0.784,0.15,3.0,0.0,76.7,2,Eligible
5.0,software-developer,0.85,0.75,8.39,2.5,1.25,0.641,0.15,2.0,0.0,78.2,2,Eligible
2.0,machine-learning-engineer,0.85,1.0,6.49,1.5,0.75,0.4,0.481,3.0,1.0,69.0,2,Eligible
4.0,web-developer,0.85,1.0,7.0,3.0,3.0,0.838,0.627,3.0,1.0,90.7,3,Highly Eligible
3.0,data-scientist,0.85,1.0,7.45,1.0,0.5,0.8,0.539,1.0,0.0,78.0,2,Eligible
5.0,software-developer,0.85,1.0,7.72,0.0,0.0,0.623,0.538,1.0,0.0,67.1,1,Partially Eligible
1.0,data-analyst,0.92,0.75,8.4,2.5,2.5,0.4,0.613,2.0,0.0,66.2,1,Partially Eligible
2.0,machine-learning-engineer,0.85,1.0,9.8,4.0,2.0,0.833,0.834,3.0,2.0,89.8,3,Highly Eligible
3.0,data-scientist,0.85,0.65,7.37,1.5,0.75,0.539,0.489,3.0,1.0,72.8,2,Eligible
0.0,python-developer,0.85,0.75,8.09,1.0,0.5,0.453,0.243,3.0,1.0,68.3,2,Eligible
5.0,software-developer,0.92,1.0,8.78,5.0,2.5,1.0,0.639,4.0,3.0,99.0,3,Highly Eligible
2.0,machine-learning-engineer,0.92,1.0,8.5,3.0,1.5,0.729,0.634,3.0,1.0,85.4,3,Highly Eligible
1.0,data-analyst,0.85,0.75,9.29,5.0,3.0,0.875,0.802,3.0,1.0,92.4,3,Highly Eligible
2.0,machine-learning-engineer,0.65,0.65,7.77,0.0,0.0,0.132,0.15,1.0,0.0,41.2,0,Foundational / Action Required
2.0,machine-learning-engineer,0.92,1.0,9.47,3.0,1.5,0.822,0.904,4.0,3.0,99.0,3,Highly Eligible
2.0,machine-learning-engineer,0.65,0.35,5.97,0.0,0.0,0.077,0.079,0.0,0.0,37.5,0,Foundational / Action Required
4.0,web-developer,0.85,1.0,8.77,0.0,0.0,0.522,0.422,2.0,1.0,65.8,1,Partially Eligible
0.0,python-developer,0.85,1.0,8.25,4.0,2.0,0.999,0.602,3.0,3.0,99.0,3,Highly Eligible
1.0,data-analyst,0.45,0.65,5.94,0.0,0.0,0.0,0.15,0.0,0.0,29.1,0,Foundational / Action Required
1.0,data-analyst,0.85,0.75,8.41,0.5,0.5,0.659,0.493,2.0,1.0,76.9,2,Eligible
1.0,data-analyst,0.65,0.75,5.0,0.0,0.0,0.201,0.238,1.0,0.0,42.0,0,Foundational / Action Required
3.0,data-scientist,0.85,1.0,9.36,3.0,1.5,1.0,0.657,4.0,2.0,99.0,3,Highly Eligible
5.0,software-developer,0.85,0.75,5.6,0.5,0.25,0.069,0.158,2.0,0.0,37.7,0,Foundational / Action Required
1.0,data-analyst,0.85,1.0,8.52,0.0,0.0,0.742,0.582,2.0,2.0,80.9,2,Eligible
5.0,software-developer,0.65,0.35,5.89,1.0,0.5,0.189,0.126,0.0,1.0,44.2,0,Foundational / Action Required
1.0,data-analyst,0.85,1.0,7.06,0.0,0.0,0.185,0.0,0.0,0.0,46.2,0,Foundational / Action Required
0.0,python-developer,0.65,1.0,7.0,0.0,0.0,0.068,0.0,1.0,0.0,39.9,0,Foundational / Action Required
3.0,data-scientist,0.85,0.75,6.9,2.0,1.0,0.76,0.487,1.0,1.0,75.9,2,Eligible
3.0,data-scientist,0.85,0.75,8.32,0.0,0.0,0.365,0.58,2.0,1.0,56.3,1,Partially Eligible
2.0,machine-learning-engineer,0.85,0.75,8.02,0.5,0.25,0.8,0.23,2.0,0.0,72.1,2,Eligible
4.0,web-developer,0.92,1.0,6.5,0.0,0.0,0.724,0.348,2.0,2.0,80.4,2,Eligible
3.0,data-scientist,0.65,0.65,6.21,0.0,0.0,0.028,0.023,0.0,0.0,33.4,0,Foundational / Action Required
3.0,data-scientist,0.92,1.0,9.36,4.0,2.0,0.956,0.622,4.0,2.0,99.0,3,Highly Eligible
0.0,python-developer,1.0,1.0,8.03,4.0,2.0,0.991,0.99,4.0,4.0,99.0,3,Highly Eligible
1.0,data-analyst,0.92,1.0,8.56,4.0,3.0,0.931,0.639,5.0,2.0,99.0,3,Highly Eligible
3.0,data-scientist,0.85,1.0,8.37,1.5,0.75,0.554,0.269,2.0,2.0,76.2,2,Eligible
3.0,data-scientist,0.85,0.75,8.47,2.0,1.0,0.439,0.393,2.0,1.0,62.8,1,Partially Eligible
4.0,web-developer,0.85,0.75,7.61,0.0,0.0,0.385,0.363,2.0,1.0,60.8,1,Partially Eligible
5.0,software-developer,0.85,0.75,7.96,0.0,0.0,0.451,0.274,2.0,0.0,59.9,1,Partially Eligible
0.0,python-developer,0.85,1.0,7.81,0.0,0.0,0.756,0.42,2.0,0.0,75.9,2,Eligible
4.0,web-developer,0.85,0.75,8.8,2.0,2.0,0.724,0.582,3.0,3.0,91.7,3,Highly Eligible
3.0,data-scientist,0.85,0.75,7.47,0.0,0.0,0.604,0.6,2.0,0.0,61.9,1,Partially Eligible
3.0,data-scientist,0.85,0.35,6.02,0.5,0.25,0.26,0.151,0.0,0.0,50.5,0,Foundational / Action Required
0.0,python-developer,0.65,0.65,6.19,0.0,0.0,0.0,0.176,0.0,0.0,36.3,0,Foundational / Action Required
2.0,machine-learning-engineer,0.65,0.75,6.37,1.0,0.5,0.237,0.115,0.0,1.0,45.2,0,Foundational / Action Required
2.0,machine-learning-engineer,0.85,1.0,7.31,1.0,0.5,0.711,0.75,1.0,0.0,71.1,2,Eligible
3.0,data-scientist,0.65,0.75,5.53,0.5,0.25,0.207,0.181,1.0,0.0,44.0,0,Foundational / Action Required
3.0,data-scientist,0.85,0.75,9.01,0.5,0.25,0.503,0.565,3.0,1.0,67.2,1,Partially Eligible
4.0,web-developer,0.85,1.0,7.76,0.0,0.0,0.462,0.482,1.0,1.0,62.7,1,Partially Eligible
5.0,software-developer,0.65,1.0,6.04,2.0,1.0,0.747,0.555,1.0,2.0,75.6,2,Eligible
5.0,software-developer,0.85,0.75,8.77,0.0,0.0,0.657,0.227,3.0,1.0,78.1,2,Eligible
4.0,web-developer,0.92,1.0,8.01,4.0,3.0,0.63,0.671,4.0,2.0,82.3,3,Highly Eligible
4.0,web-developer,0.85,0.65,7.51,1.0,1.0,0.613,0.328,4.0,3.0,85.3,3,Highly Eligible
1.0,data-analyst,0.85,1.0,7.35,0.5,0.5,0.533,0.496,2.0,0.0,68.6,2,Eligible
3.0,data-scientist,0.85,1.0,7.05,1.0,0.5,0.66,0.348,2.0,1.0,74.3,2,Eligible
1.0,data-analyst,0.85,0.75,8.32,2.0,2.0,0.769,0.512,2.0,1.0,78.8,2,Eligible
2.0,machine-learning-engineer,0.85,0.65,7.39,2.0,1.0,0.572,0.471,3.0,0.0,70.9,2,Eligible
3.0,data-scientist,0.92,1.0,8.51,3.0,1.5,0.808,0.612,3.0,3.0,92.4,3,Highly Eligible
3.0,data-scientist,0.92,1.0,8.37,4.0,2.0,0.955,0.901,4.0,3.0,99.0,3,Highly Eligible
0.0,python-developer,1.0,1.0,8.2,5.0,2.5,0.867,0.72,4.0,2.0,95.7,3,Highly Eligible
3.0,data-scientist,0.85,1.0,7.31,2.0,1.0,0.676,0.465,2.0,1.0,79.2,2,Eligible
2.0,machine-learning-engineer,0.65,1.0,5.06,0.0,0.0,0.24,0.197,0.0,1.0,48.6,0,Foundational / Action Required
5.0,software-developer,0.65,1.0,5.59,0.0,0.0,0.101,0.157,0.0,0.0,35.4,0,Foundational / Action Required
5.0,software-developer,1.0,0.75,7.92,3.0,1.5,0.6,0.576,4.0,2.0,83.4,3,Highly Eligible
3.0,data-scientist,0.85,0.75,5.0,0.0,0.0,0.185,0.003,1.0,0.0,40.8,0,Foundational / Action Required
5.0,software-developer,0.45,0.35,5.89,0.0,0.0,0.145,0.103,0.0,1.0,37.3,0,Foundational / Action Required
1.0,data-analyst,0.85,0.75,6.95,0.0,0.0,0.399,0.443,1.0,0.0,49.6,0,Foundational / Action Required
3.0,data-scientist,0.92,1.0,7.15,0.0,0.0,0.671,0.327,1.0,0.0,68.7,2,Eligible
1.0,data-analyst,0.85,1.0,8.38,3.0,3.0,0.6,0.48,4.0,3.0,84.3,3,Highly Eligible
4.0,web-developer,0.45,0.75,7.05,0.0,0.0,0.0,0.124,0.0,0.0,30.0,0,Foundational / Action Required
4.0,web-developer,0.85,1.0,7.69,2.0,2.0,0.464,0.497,1.0,2.0,76.0,2,Eligible
0.0,python-developer,0.65,0.75,8.58,1.0,0.5,0.418,0.544,3.0,3.0,67.7,1,Partially Eligible
3.0,data-scientist,0.92,1.0,8.37,6.0,3.0,1.0,0.952,3.0,2.0,99.0,3,Highly Eligible
4.0,web-developer,0.85,1.0,9.08,4.0,3.0,0.61,0.536,2.0,2.0,81.3,2,Eligible
4.0,web-developer,0.85,1.0,6.11,1.0,1.0,0.4,0.334,2.0,2.0,71.1,2,Eligible
5.0,software-developer,0.85,0.75,8.35,0.0,0.0,0.552,0.437,2.0,1.0,67.3,1,Partially Eligible
0.0,python-developer,0.85,0.75,7.2,0.0,0.0,0.078,0.048,0.0,0.0,38.0,0,Foundational / Action Required
0.0,python-developer,0.85,0.65,6.36,1.0,0.5,0.835,0.47,3.0,1.0,82.2,3,Highly Eligible
5.0,software-developer,0.65,0.35,5.93,0.5,0.25,0.188,0.089,1.0,0.0,44.1,0,Foundational / Action Required
3.0,data-scientist,0.85,1.0,8.72,3.0,1.5,0.793,0.871,4.0,2.0,91.9,3,Highly Eligible
1.0,data-analyst,0.65,1.0,7.08,0.0,0.0,0.271,0.3,1.0,0.0,45.9,0,Foundational / Action Required
3.0,data-scientist,0.85,0.75,7.61,3.0,1.5,0.684,0.607,3.0,2.0,83.2,3,Highly Eligible
1.0,data-analyst,0.85,0.75,8.01,1.0,1.0,0.79,0.361,2.0,2.0,82.0,3,Highly Eligible
0.0,python-developer,0.85,0.75,7.92,1.5,0.75,0.4,0.168,3.0,2.0,68.5,2,Eligible
2.0,machine-learning-engineer,0.85,1.0,8.68,0.0,0.0,0.35,0.232,3.0,1.0,62.6,1,Partially Eligible
3.0,data-scientist,0.92,1.0,8.98,5.0,2.5,0.781,0.765,3.0,2.0,92.1,3,Highly Eligible
2.0,machine-learning-engineer,0.85,0.65,7.65,1.5,0.75,0.4,0.466,2.0,1.0,63.5,1,Partially Eligible
1.0,data-analyst,0.45,0.75,7.71,0.0,0.0,0.249,0.0,0.0,0.0,39.8,0,Foundational / Action Required
3.0,data-scientist,0.65,0.35,6.28,0.0,0.0,0.159,0.06,1.0,0.0,38.8,0,Foundational / Action Required
2.0,machine-learning-engineer,0.85,1.0,7.13,0.0,0.0,0.501,0.516,1.0,1.0,64.4,1,Partially Eligible
2.0,machine-learning-engineer,0.85,1.0,8.12,1.0,0.5,0.587,0.172,4.0,1.0,79.9,2,Eligible
3.0,data-scientist,1.0,1.0,9.42,6.0,3.0,0.87,0.751,4.0,2.0,94.4,3,Highly Eligible
2.0,machine-learning-engineer,0.45,0.35,5.5,0.5,0.25,0.174,0.05,1.0,0.0,36.9,0,Foundational / Action Required
3.0,data-scientist,0.92,1.0,9.07,6.0,3.0,0.913,0.912,3.0,3.0,99.0,3,Highly Eligible
2.0,machine-learning-engineer,0.85,1.0,7.93,1.0,0.5,0.383,0.352,1.0,0.0,60.1,1,Partially Eligible
0.0,python-developer,0.85,0.75,8.54,0.0,0.0,0.577,0.428,2.0,1.0,64.8,1,Partially Eligible
3.0,data-scientist,0.85,1.0,7.94,0.5,0.25,0.67,0.1,1.0,1.0,69.9,2,Eligible
0.0,python-developer,0.65,0.75,8.15,2.0,1.0,0.76,0.658,2.0,1.0,77.6,2,Eligible
5.0,software-developer,0.85,0.65,6.68,0.0,0.0,0.318,0.157,0.0,0.0,51.3,0,Foundational / Action Required
4.0,web-developer,0.85,1.0,8.45,3.0,3.0,0.716,0.9,2.0,2.0,83.7,3,Highly Eligible
0.0,python-developer,0.92,0.75,8.47,5.0,2.5,0.889,0.9,5.0,3.0,97.0,3,Highly Eligible
2.0,machine-learning-engineer,0.85,1.0,6.94,0.0,0.0,0.431,0.207,2.0,0.0,60.5,1,Partially Eligible
1.0,data-analyst,0.92,1.0,7.86,0.0,0.0,0.35,0.402,2.0,1.0,62.4,1,Partially Eligible
5.0,software-developer,0.85,1.0,8.44,3.0,1.5,0.849,0.35,3.0,3.0,97.1,3,Highly Eligible
0.0,python-developer,0.85,1.0,7.88,0.0,0.0,0.372,0.185,2.0,2.0,65.7,1,Partially Eligible
5.0,software-developer,0.92,1.0,7.83,1.0,0.5,0.495,0.53,1.0,1.0,68.8,2,Eligible
0.0,python-developer,0.92,0.75,8.78,0.0,0.0,0.73,0.337,1.0,2.0,76.0,2,Eligible
0.0,python-developer,0.85,1.0,9.0,3.0,1.5,0.845,0.508,3.0,2.0,91.1,3,Highly Eligible
1.0,data-analyst,0.85,1.0,7.57,0.0,0.0,0.462,0.416,2.0,1.0,60.6,1,Partially Eligible
1.0,data-analyst,0.85,0.75,7.46,1.5,1.5,0.75,0.4,2.0,1.0,79.4,2,Eligible
0.0,python-developer,0.85,1.0,8.3,2.0,1.0,0.665,0.624,2.0,3.0,84.5,3,Highly Eligible
4.0,web-developer,0.85,0.65,7.21,2.0,2.0,0.669,0.567,2.0,0.0,69.6,2,Eligible
1.0,data-analyst,0.85,1.0,7.13,0.0,0.0,0.675,0.6,3.0,1.0,75.4,2,Eligible
1.0,data-analyst,0.85,1.0,7.19,1.0,1.0,0.743,0.406,3.0,1.0,78.9,2,Eligible
1.0,data-analyst,0.85,0.75,7.28,0.0,0.0,0.05,0.293,1.0,0.0,41.3,0,Foundational / Action Required
3.0,data-scientist,0.92,0.75,8.69,0.5,0.25,0.505,0.148,2.0,0.0,63.3,1,Partially Eligible
5.0,software-developer,0.85,0.35,5.0,1.0,0.5,0.094,0.027,0.0,0.0,40.9,0,Foundational / Action Required
0.0,python-developer,0.85,0.75,7.62,1.5,0.75,0.499,0.176,2.0,0.0,65.9,1,Partially Eligible
4.0,web-developer,1.0,1.0,8.64,4.0,3.0,0.83,0.752,5.0,3.0,99.0,3,Highly Eligible
1.0,data-analyst,0.85,1.0,8.08,3.0,3.0,0.835,0.571,3.0,2.0,90.3,3,Highly Eligible
3.0,data-scientist,0.92,0.75,7.52,0.0,0.0,0.725,0.285,2.0,1.0,76.1,2,Eligible
5.0,software-developer,0.85,1.0,7.81,2.0,1.0,0.505,0.311,2.0,0.0,73.6,2,Eligible
2.0,machine-learning-engineer,0.85,0.75,6.97,1.5,0.75,0.728,0.348,3.0,0.0,78.2,2,Eligible
2.0,machine-learning-engineer,0.45,0.65,6.16,0.0,0.0,0.316,0.168,0.0,0.0,44.1,0,Foundational / Action Required
1.0,data-analyst,0.85,1.0,7.74,0.0,0.0,0.655,0.197,1.0,0.0,64.1,1,Partially Eligible
4.0,web-developer,0.85,1.0,9.5,1.0,1.0,0.565,0.365,3.0,0.0,73.5,2,Eligible
4.0,web-developer,0.85,1.0,8.42,3.0,3.0,0.864,0.578,4.0,2.0,95.1,3,Highly Eligible
5.0,software-developer,0.45,0.35,8.0,0.0,0.0,0.34,0.13,1.0,0.0,45.0,0,Foundational / Action Required
5.0,software-developer,0.85,1.0,6.55,2.5,1.25,0.796,0.47,1.0,3.0,86.8,3,Highly Eligible
0.0,python-developer,0.45,0.35,5.5,0.0,0.0,0.133,0.05,0.0,0.0,31.4,0,Foundational / Action Required
1.0,data-analyst,0.85,1.0,7.1,1.0,1.0,0.555,0.35,1.0,1.0,72.2,2,Eligible
2.0,machine-learning-engineer,0.65,1.0,8.17,2.0,1.0,0.565,0.507,3.0,1.0,76.2,2,Eligible
0.0,python-developer,0.85,1.0,8.3,2.0,1.0,0.71,0.75,3.0,1.0,76.2,2,Eligible
4.0,web-developer,0.85,0.65,8.51,1.0,1.0,0.66,0.692,1.0,0.0,76.5,2,Eligible
0.0,python-developer,0.92,1.0,8.69,5.0,2.5,0.879,0.993,3.0,4.0,99.0,3,Highly Eligible
2.0,machine-learning-engineer,0.85,1.0,8.7,1.0,0.5,0.504,0.465,2.0,2.0,72.1,2,Eligible
4.0,web-developer,0.85,0.75,6.66,0.0,0.0,0.665,0.495,2.0,2.0,73.3,2,Eligible
5.0,software-developer,0.85,1.0,8.02,0.0,0.0,0.511,0.58,2.0,0.0,65.2,1,Partially Eligible
3.0,data-scientist,0.65,0.35,6.39,0.0,0.0,0.105,0.221,1.0,0.0,34.4,0,Foundational / Action Required
3.0,data-scientist,0.92,1.0,8.14,4.0,2.0,0.803,0.734,4.0,2.0,93.3,3,Highly Eligible
5.0,software-developer,0.85,1.0,6.69,0.0,0.0,0.518,0.358,2.0,1.0,67.9,1,Partially Eligible
1.0,data-analyst,0.85,0.75,7.55,1.5,1.5,0.85,0.242,1.0,0.0,77.1,2,Eligible
0.0,python-developer,0.85,0.75,7.12,0.5,0.25,0.682,0.1,2.0,0.0,68.6,2,Eligible
4.0,web-developer,0.85,1.0,6.1,2.0,2.0,0.462,0.591,2.0,2.0,71.7,2,Eligible
5.0,software-developer,0.85,0.75,6.13,0.0,0.0,0.155,0.052,0.0,0.0,41.0,0,Foundational / Action Required
5.0,software-developer,0.92,1.0,9.1,3.0,1.5,1.0,0.887,6.0,4.0,99.0,3,Highly Eligible
1.0,data-analyst,0.85,0.75,7.63,0.0,0.0,0.753,0.102,2.0,0.0,70.4,2,Eligible
0.0,python-developer,0.85,0.75,6.97,0.0,0.0,0.0,0.183,1.0,0.0,42.1,0,Foundational / Action Required
5.0,software-developer,0.85,1.0,8.82,0.0,0.0,0.434,0.307,3.0,0.0,60.2,1,Partially Eligible
2.0,machine-learning-engineer,0.85,0.65,9.12,1.5,0.75,0.583,0.33,1.0,3.0,79.0,2,Eligible
5.0,software-developer,0.85,1.0,8.83,0.0,0.0,0.405,0.236,3.0,0.0,60.4,1,Partially Eligible
4.0,web-developer,0.92,1.0,7.06,3.0,3.0,1.0,0.9,5.0,4.0,99.0,3,Highly Eligible
0.0,python-developer,0.92,1.0,8.75,3.0,1.5,0.836,0.636,4.0,3.0,99.0,3,Highly Eligible
4.0,web-developer,0.92,1.0,9.07,4.0,3.0,1.0,0.834,5.0,3.0,99.0,3,Highly Eligible
0.0,python-developer,0.85,0.75,8.99,1.5,0.75,0.613,0.199,2.0,1.0,69.6,2,Eligible
2.0,machine-learning-engineer,0.85,0.65,6.57,1.0,0.5,0.598,0.429,3.0,1.0,72.5,2,Eligible
4.0,web-developer,1.0,1.0,8.69,6.0,3.0,1.0,0.838,3.0,2.0,99.0,3,Highly Eligible
3.0,data-scientist,0.85,1.0,7.4,0.0,0.0,0.454,0.394,1.0,1.0,65.6,1,Partially Eligible
5.0,software-developer,0.85,1.0,8.74,0.5,0.25,0.695,0.416,1.0,1.0,76.3,2,Eligible
2.0,machine-learning-engineer,1.0,1.0,9.32,4.0,2.0,0.928,0.73,6.0,2.0,99.0,3,Highly Eligible
0.0,python-developer,0.85,1.0,8.27,2.5,1.25,0.625,0.374,1.0,1.0,75.7,2,Eligible
4.0,web-developer,0.92,1.0,8.3,1.0,1.0,0.85,0.563,2.0,2.0,91.3,3,Highly Eligible
5.0,software-developer,0.85,1.0,8.95,1.5,0.75,0.55,0.75,2.0,1.0,73.7,2,Eligible
2.0,machine-learning-engineer,0.85,0.75,7.58,1.5,0.75,0.729,0.287,1.0,1.0,73.5,2,Eligible
0.0,python-developer,0.85,1.0,7.2,0.0,0.0,0.435,0.281,2.0,1.0,63.5,1,Partially Eligible
3.0,data-scientist,0.85,1.0,7.57,1.0,0.5,0.586,0.319,2.0,1.0,70.6,2,Eligible
3.0,data-scientist,0.85,1.0,6.6,1.5,0.75,0.453,0.514,3.0,0.0,65.6,1,Partially Eligible
0.0,python-developer,0.92,1.0,8.08,2.0,1.0,0.946,0.9,3.0,2.0,99.0,3,Highly Eligible
3.0,data-scientist,1.0,1.0,9.12,6.0,3.0,0.944,0.767,4.0,4.0,99.0,3,Highly Eligible
2.0,machine-learning-engineer,0.85,0.65,8.28,1.0,0.5,0.464,0.167,2.0,2.0,66.3,1,Partially Eligible
5.0,software-developer,0.85,0.75,7.65,0.0,0.0,0.727,0.219,3.0,1.0,76.1,2,Eligible
3.0,data-scientist,0.85,1.0,7.47,0.0,0.0,0.65,0.439,2.0,1.0,74.4,2,Eligible
5.0,software-developer,0.85,0.75,8.43,3.0,1.5,0.807,0.9,3.0,3.0,90.5,3,Highly Eligible
1.0,data-analyst,0.85,1.0,8.64,4.0,3.0,0.848,0.777,3.0,1.0,89.3,3,Highly Eligible
3.0,data-scientist,0.92,0.75,8.56,3.0,1.5,0.9,0.606,2.0,2.0,95.6,3,Highly Eligible
1.0,data-analyst,0.85,1.0,7.91,2.0,2.0,0.805,0.547,2.0,2.0,86.5,3,Highly Eligible
5.0,software-developer,0.85,1.0,6.69,0.0,0.0,0.727,0.309,2.0,2.0,73.3,2,Eligible
4.0,web-developer,0.92,1.0,8.61,3.0,3.0,1.0,0.798,4.0,2.0,99.0,3,Highly Eligible
5.0,software-developer,0.85,1.0,6.91,1.5,0.75,0.522,0.436,1.0,1.0,65.2,1,Partially Eligible
2.0,machine-learning-engineer,0.65,0.75,6.43,0.0,0.0,0.081,0.0,0.0,0.0,37.4,0,Foundational / Action Required
4.0,web-developer,0.92,1.0,8.11,6.0,3.0,1.0,0.712,5.0,3.0,99.0,3,Highly Eligible
4.0,web-developer,0.92,0.75,7.66,3.0,3.0,0.923,0.807,3.0,1.0,88.8,3,Highly Eligible
3.0,data-scientist,0.85,0.75,7.93,3.0,1.5,0.638,0.505,3.0,2.0,83.9,3,Highly Eligible
3.0,data-scientist,0.85,0.75,7.26,1.5,0.75,0.693,0.466,2.0,1.0,77.7,2,Eligible
3.0,data-scientist,0.85,0.65,5.0,0.0,0.0,0.223,0.17,0.0,1.0,46.8,0,Foundational / Action Required
5.0,software-developer,1.0,1.0,7.96,2.0,1.0,0.763,0.774,4.0,3.0,90.6,3,Highly Eligible
4.0,web-developer,0.65,0.75,7.39,1.5,1.5,0.484,0.378,1.0,1.0,62.9,1,Partially Eligible
2.0,machine-learning-engineer,0.85,0.75,8.98,1.5,0.75,0.618,0.367,2.0,0.0,72.8,2,Eligible
2.0,machine-learning-engineer,0.85,0.75,9.0,1.0,0.5,0.85,0.566,1.0,1.0,84.7,3,Highly Eligible
1.0,data-analyst,0.85,1.0,8.89,5.0,3.0,0.61,0.568,3.0,3.0,86.9,3,Highly Eligible
0.0,python-developer,0.85,1.0,7.31,0.0,0.0,0.152,0.3,1.0,0.0,44.0,0,Foundational / Action Required
2.0,machine-learning-engineer,0.85,0.75,7.25,1.5,0.75,0.4,0.394,4.0,0.0,61.9,1,Partially Eligible
3.0,data-scientist,1.0,1.0,9.7,6.0,3.0,1.0,0.801,5.0,3.0,99.0,3,Highly Eligible
1.0,data-analyst,0.85,1.0,7.0,3.0,3.0,0.876,0.778,3.0,3.0,96.4,3,Highly Eligible
3.0,data-scientist,0.85,0.75,7.9,0.0,0.0,0.471,0.496,1.0,0.0,60.0,1,Partially Eligible
4.0,web-developer,0.85,0.75,7.64,0.0,0.0,0.623,0.526,2.0,0.0,64.1,1,Partially Eligible
4.0,web-developer,0.85,1.0,8.27,3.0,3.0,0.6,0.566,2.0,3.0,80.2,2,Eligible
5.0,software-developer,0.45,0.65,7.02,0.0,0.0,0.267,0.166,1.0,0.0,38.2,0,Foundational / Action Required
3.0,data-scientist,0.92,1.0,9.2,5.0,2.5,0.934,0.77,3.0,3.0,98.4,3,Highly Eligible
2.0,machine-learning-engineer,0.85,1.0,8.9,2.0,1.0,0.831,0.487,4.0,1.0,89.3,3,Highly Eligible
0.0,python-developer,0.85,0.75,7.3,1.5,0.75,0.593,0.15,1.0,1.0,69.9,2,Eligible
3.0,data-scientist,0.85,1.0,6.55,1.0,0.5,0.659,0.311,2.0,1.0,72.9,2,Eligible
2.0,machine-learning-engineer,0.92,0.75,8.48,1.5,0.75,0.674,0.245,1.0,1.0,73.7,2,Eligible
1.0,data-analyst,0.85,0.75,8.88,3.0,3.0,0.885,0.519,2.0,2.0,94.7,3,Highly Eligible
3.0,data-scientist,0.92,0.65,6.0,1.5,0.75,0.613,0.439,2.0,0.0,72.6,2,Eligible
1.0,data-analyst,0.85,1.0,7.96,0.0,0.0,0.622,0.314,2.0,0.0,71.3,2,Eligible
2.0,machine-learning-engineer,0.85,1.0,7.9,4.0,2.0,0.88,0.564,2.0,1.0,92.1,3,Highly Eligible
2.0,machine-learning-engineer,0.85,1.0,7.87,1.0,0.5,0.557,0.38,2.0,0.0,64.7,1,Partially Eligible
2.0,machine-learning-engineer,0.85,1.0,7.85,0.5,0.25,0.781,0.254,3.0,2.0,85.1,3,Highly Eligible
2.0,machine-learning-engineer,0.85,0.75,8.29,0.0,0.0,0.46,0.456,2.0,1.0,64.3,1,Partially Eligible
4.0,web-developer,0.65,0.65,6.86,0.0,0.0,0.302,0.201,0.0,0.0,45.7,0,Foundational / Action Required
5.0,software-developer,0.92,1.0,8.99,5.0,2.5,0.842,0.713,4.0,4.0,98.0,3,Highly Eligible
2.0,machine-learning-engineer,0.65,1.0,6.96,0.0,0.0,0.053,0.029,0.0,0.0,41.9,0,Foundational / Action Required
4.0,web-developer,0.85,1.0,7.37,3.0,3.0,0.959,0.706,3.0,3.0,99.0,3,Highly Eligible
0.0,python-developer,0.45,0.65,6.22,0.0,0.0,0.201,0.3,2.0,0.0,39.5,0,Foundational / Action Required
4.0,web-developer,0.92,1.0,7.76,0.0,0.0,0.508,0.563,2.0,1.0,68.5,2,Eligible
1.0,data-analyst,0.92,1.0,9.41,6.0,3.0,0.862,0.896,4.0,3.0,99.0,3,Highly Eligible
0.0,python-developer,0.85,1.0,7.28,0.0,0.0,0.641,0.332,2.0,1.0,75.2,2,Eligible
1.0,data-analyst,0.85,1.0,7.37,2.0,2.0,0.667,0.462,4.0,0.0,80.4,2,Eligible
5.0,software-developer,0.85,1.0,8.07,3.0,1.5,0.922,0.9,5.0,1.0,95.9,3,Highly Eligible
3.0,data-scientist,0.92,0.75,7.69,1.5,0.75,0.481,0.435,2.0,3.0,74.0,2,Eligible
3.0,data-scientist,0.92,0.75,7.5,5.0,2.5,0.762,0.568,3.0,2.0,85.1,3,Highly Eligible
4.0,web-developer,0.85,0.75,7.89,0.5,0.5,0.467,0.1,2.0,0.0,65.9,1,Partially Eligible
1.0,data-analyst,0.92,1.0,9.36,6.0,3.0,0.946,0.731,5.0,2.0,99.0,3,Highly Eligible
5.0,software-developer,0.92,1.0,8.48,4.0,2.0,0.735,0.641,2.0,2.0,87.6,3,Highly Eligible
3.0,data-scientist,0.92,1.0,9.32,3.0,1.5,0.898,0.68,6.0,2.0,99.0,3,Highly Eligible
5.0,software-developer,0.85,1.0,8.46,0.0,0.0,0.491,0.447,1.0,1.0,70.6,2,Eligible
5.0,software-developer,1.0,1.0,8.89,3.0,1.5,0.894,0.722,4.0,3.0,99.0,3,Highly Eligible
3.0,data-scientist,0.92,1.0,7.54,3.0,1.5,0.916,0.469,3.0,2.0,94.2,3,Highly Eligible
3.0,data-scientist,0.85,0.75,7.05,1.5,0.75,0.523,0.555,3.0,0.0,68.7,2,Eligible
0.0,python-developer,0.85,0.75,7.21,1.5,0.75,0.85,0.293,3.0,0.0,81.6,2,Eligible
0.0,python-developer,0.85,1.0,6.43,0.0,0.0,0.117,0.229,2.0,0.0,45.3,0,Foundational / Action Required
2.0,machine-learning-engineer,0.85,1.0,6.67,0.0,0.0,0.644,0.1,2.0,2.0,72.7,2,Eligible
1.0,data-analyst,0.85,0.75,6.39,0.0,0.0,0.269,0.0,0.0,0.0,43.4,0,Foundational / Action Required
3.0,data-scientist,0.92,0.65,8.6,2.0,1.0,0.703,0.46,4.0,1.0,84.7,3,Highly Eligible
5.0,software-developer,0.65,0.65,7.3,1.0,0.5,0.564,0.276,4.0,2.0,71.8,2,Eligible
1.0,data-analyst,0.85,0.65,7.84,1.5,1.5,0.711,0.343,2.0,0.0,78.0,2,Eligible
2.0,machine-learning-engineer,0.92,1.0,9.16,5.0,2.5,0.801,0.64,3.0,4.0,98.6,3,Highly Eligible
5.0,software-developer,1.0,1.0,9.45,4.0,2.0,0.913,0.534,4.0,4.0,99.0,3,Highly Eligible
4.0,web-developer,0.85,0.75,7.67,1.0,1.0,0.526,0.474,3.0,2.0,72.6,2,Eligible
2.0,machine-learning-engineer,0.92,1.0,8.01,1.5,0.75,0.773,0.351,1.0,3.0,84.8,3,Highly Eligible
3.0,data-scientist,0.85,1.0,7.19,2.0,1.0,0.6,0.287,3.0,0.0,78.3,2,Eligible
4.0,web-developer,0.85,1.0,8.21,0.0,0.0,0.597,0.59,1.0,0.0,67.7,1,Partially Eligible
4.0,web-developer,1.0,1.0,8.51,4.0,3.0,0.978,0.558,3.0,2.0,99.0,3,Highly Eligible
2.0,machine-learning-engineer,0.85,0.65,6.69,0.0,0.0,0.099,0.146,1.0,0.0,40.1,0,Foundational / Action Required
3.0,data-scientist,0.85,1.0,9.28,5.0,2.5,0.909,0.742,3.0,1.0,90.1,3,Highly Eligible
5.0,software-developer,0.45,0.65,7.82,0.0,0.0,0.449,0.18,0.0,0.0,47.2,0,Foundational / Action Required
4.0,web-developer,0.92,1.0,8.11,5.0,3.0,0.924,0.53,2.0,3.0,96.4,3,Highly Eligible
2.0,machine-learning-engineer,0.85,0.75,9.48,0.0,0.0,0.697,0.463,1.0,1.0,71.5,2,Eligible
2.0,machine-learning-engineer,0.85,1.0,7.2,0.0,0.0,0.559,0.245,1.0,1.0,65.0,1,Partially Eligible
5.0,software-developer,0.85,1.0,7.77,0.0,0.0,0.8,0.573,2.0,2.0,78.5,2,Eligible
3.0,data-scientist,0.85,0.75,7.43,2.0,1.0,0.914,0.611,5.0,3.0,98.1,3,Highly Eligible
2.0,machine-learning-engineer,0.85,0.75,7.52,3.0,1.5,0.81,0.514,3.0,3.0,89.7,3,Highly Eligible
2.0,machine-learning-engineer,0.45,0.65,6.65,0.5,0.25,0.081,0.155,0.0,0.0,36.7,0,Foundational / Action Required
2.0,machine-learning-engineer,0.65,0.75,6.53,0.0,0.0,0.157,0.04,0.0,0.0,39.0,0,Foundational / Action Required
1.0,data-analyst,0.92,1.0,8.25,0.5,0.5,0.75,0.496,1.0,1.0,78.8,2,Eligible
0.0,python-developer,0.85,1.0,8.31,1.0,0.5,0.472,0.449,1.0,1.0,66.5,1,Partially Eligible
5.0,software-developer,0.92,0.65,8.52,2.0,1.0,0.774,0.393,2.0,1.0,81.8,2,Eligible
1.0,data-analyst,0.85,0.75,7.57,2.0,2.0,0.723,0.319,2.0,1.0,82.3,3,Highly Eligible
2.0,machine-learning-engineer,0.92,1.0,7.38,0.0,0.0,0.526,0.361,1.0,0.0,60.7,1,Partially Eligible
0.0,python-developer,0.85,1.0,7.33,1.0,0.5,0.733,0.364,4.0,0.0,78.9,2,Eligible
5.0,software-developer,0.92,0.75,8.14,5.0,2.5,0.87,0.665,3.0,2.0,91.9,3,Highly Eligible
4.0,web-developer,0.85,0.75,6.87,1.0,1.0,0.602,0.276,1.0,1.0,67.6,1,Partially Eligible
5.0,software-developer,0.92,1.0,8.46,2.0,1.0,0.733,0.547,3.0,2.0,90.5,3,Highly Eligible
1.0,data-analyst,0.85,1.0,8.56,5.0,3.0,0.709,0.574,5.0,2.0,83.2,3,Highly Eligible
1.0,data-analyst,0.85,1.0,7.0,2.0,2.0,0.583,0.255,3.0,2.0,79.7,2,Eligible
1.0,data-analyst,1.0,1.0,8.02,4.0,3.0,0.935,0.406,5.0,2.0,99.0,3,Highly Eligible
5.0,software-developer,0.92,0.75,7.64,2.0,1.0,0.401,0.523,3.0,0.0,66.6,1,Partially Eligible
3.0,data-scientist,0.92,0.75,8.36,4.0,2.0,0.92,0.554,4.0,2.0,96.4,3,Highly Eligible
2.0,machine-learning-engineer,0.85,0.75,7.17,1.0,0.5,0.48,0.315,2.0,1.0,63.2,1,Partially Eligible
5.0,software-developer,0.85,0.75,5.87,0.5,0.25,0.083,0.154,0.0,0.0,43.0,0,Foundational / Action Required
4.0,web-developer,0.85,0.75,6.28,2.0,2.0,0.745,0.315,3.0,0.0,80.1,2,Eligible
4.0,web-developer,0.85,0.75,8.04,5.0,3.0,1.0,0.442,3.0,2.0,94.2,3,Highly Eligible
4.0,web-developer,0.85,1.0,8.64,0.0,0.0,0.402,0.309,3.0,1.0,69.2,2,Eligible
2.0,machine-learning-engineer,1.0,1.0,8.18,4.0,2.0,0.898,0.802,4.0,3.0,99.0,3,Highly Eligible
0.0,python-developer,1.0,1.0,8.8,4.0,2.0,0.836,0.94,4.0,3.0,97.9,3,Highly Eligible
1.0,data-analyst,0.92,0.75,7.99,3.0,3.0,1.0,0.647,3.0,2.0,96.2,3,Highly Eligible
2.0,machine-learning-engineer,0.85,0.75,6.42,1.0,0.5,0.759,0.456,1.0,1.0,72.1,2,Eligible
1.0,data-analyst,0.85,0.65,6.91,2.0,2.0,0.77,0.15,2.0,2.0,78.5,2,Eligible
2.0,machine-learning-engineer,0.85,1.0,7.56,0.0,0.0,0.35,0.6,2.0,1.0,59.1,1,Partially Eligible
1.0,data-analyst,0.85,1.0,8.19,3.0,3.0,0.924,0.719,2.0,3.0,99.0,3,Highly Eligible
2.0,machine-learning-engineer,0.85,0.75,5.36,0.0,0.0,0.429,0.113,0.0,0.0,49.9,0,Foundational / Action Required
0.0,python-developer,0.85,1.0,7.45,2.5,1.25,0.726,0.326,1.0,1.0,82.7,3,Highly Eligible
5.0,software-developer,0.85,1.0,8.05,0.0,0.0,0.799,0.286,3.0,0.0,79.5,2,Eligible
4.0,web-developer,0.92,1.0,9.39,4.0,3.0,0.957,0.818,5.0,4.0,99.0,3,Highly Eligible
1.0,data-analyst,0.85,1.0,7.76,1.0,1.0,0.732,0.6,2.0,0.0,75.6,2,Eligible
2.0,machine-learning-engineer,0.85,0.75,6.8,0.0,0.0,0.141,0.0,1.0,0.0,41.3,0,Foundational / Action Required
0.0,python-developer,0.85,0.65,6.49,1.0,0.5,0.582,0.518,2.0,0.0,66.3,1,Partially Eligible
0.0,python-developer,0.92,1.0,7.69,2.0,1.0,0.763,0.331,2.0,1.0,82.2,3,Highly Eligible
4.0,web-developer,1.0,1.0,8.91,4.0,3.0,0.904,0.899,6.0,4.0,99.0,3,Highly Eligible
2.0,machine-learning-engineer,0.85,1.0,7.7,1.5,0.75,0.4,0.251,2.0,1.0,68.0,1,Partially Eligible
5.0,software-developer,0.92,1.0,9.41,4.0,2.0,0.986,0.911,4.0,4.0,99.0,3,Highly Eligible
1.0,data-analyst,0.85,1.0,8.31,0.5,0.5,0.577,0.385,2.0,2.0,78.8,2,Eligible
5.0,software-developer,0.85,1.0,7.19,0.0,0.0,0.8,0.328,2.0,0.0,77.7,2,Eligible
3.0,data-scientist,0.45,0.75,5.99,0.0,0.0,0.126,0.129,0.0,0.0,34.1,0,Foundational / Action Required
0.0,python-developer,0.92,0.75,7.25,1.0,0.5,0.849,0.262,3.0,0.0,80.4,2,Eligible
0.0,python-developer,0.85,1.0,8.43,4.0,2.0,0.779,0.646,4.0,2.0,92.8,3,Highly Eligible
4.0,web-developer,0.65,0.35,7.92,0.0,0.0,0.35,0.021,0.0,0.0,48.0,0,Foundational / Action Required
2.0,machine-learning-engineer,1.0,1.0,8.56,3.0,1.5,0.87,0.893,4.0,3.0,97.7,3,Highly Eligible
3.0,data-scientist,0.92,1.0,7.85,2.0,1.0,0.6,0.44,4.0,3.0,90.2,3,Highly Eligible
3.0,data-scientist,0.85,0.75,7.54,1.0,0.5,0.831,0.316,3.0,0.0,77.7,2,Eligible
3.0,data-scientist,0.85,1.0,7.34,1.5,0.75,0.595,0.605,3.0,0.0,77.9,2,Eligible
2.0,machine-learning-engineer,0.85,1.0,8.61,1.0,0.5,0.454,0.694,2.0,2.0,69.1,2,Eligible
1.0,data-analyst,0.85,0.75,9.2,1.5,1.5,0.532,0.293,2.0,0.0,74.6,2,Eligible
0.0,python-developer,0.65,0.75,6.02,1.0,0.5,0.271,0.185,1.0,0.0,46.5,0,Foundational / Action Required
2.0,machine-learning-engineer,0.45,0.35,5.76,0.0,0.0,0.355,0.203,0.0,0.0,39.9,0,Foundational / Action Required
3.0,data-scientist,0.85,1.0,7.77,0.0,0.0,0.582,0.312,2.0,1.0,68.2,2,Eligible
0.0,python-developer,0.85,1.0,8.11,2.0,1.0,0.85,0.228,2.0,1.0,88.8,3,Highly Eligible
0.0,python-developer,0.85,0.35,6.55,0.0,0.0,0.431,0.0,0.0,0.0,53.6,1,Partially Eligible
3.0,data-scientist,0.85,1.0,8.66,0.0,0.0,0.577,0.525,2.0,2.0,73.0,2,Eligible
3.0,data-scientist,0.85,1.0,8.65,1.0,0.5,0.581,0.35,2.0,1.0,71.7,2,Eligible
0.0,python-developer,0.85,1.0,7.87,4.0,2.0,0.849,0.732,3.0,1.0,89.8,3,Highly Eligible
4.0,web-developer,0.65,1.0,6.0,1.0,1.0,0.665,0.627,2.0,3.0,83.8,3,Highly Eligible
5.0,software-developer,0.85,1.0,7.51,0.0,0.0,0.519,0.401,2.0,0.0,69.8,2,Eligible
5.0,software-developer,0.92,0.75,7.69,0.0,0.0,0.707,0.289,2.0,1.0,72.8,2,Eligible
0.0,python-developer,0.85,1.0,6.46,1.5,0.75,0.85,0.606,2.0,0.0,80.4,2,Eligible
1.0,data-analyst,0.85,1.0,7.59,2.0,2.0,0.453,0.571,2.0,1.0,68.4,2,Eligible
1.0,data-analyst,0.85,0.35,6.27,0.0,0.0,0.343,0.0,1.0,0.0,49.4,0,Foundational / Action Required
4.0,web-developer,0.85,0.35,7.71,0.0,0.0,0.338,0.0,1.0,0.0,48.8,0,Foundational / Action Required
2.0,machine-learning-engineer,0.92,1.0,8.64,3.0,1.5,0.977,0.994,4.0,4.0,99.0,3,Highly Eligible
0.0,python-developer,0.85,1.0,8.56,0.0,0.0,0.506,0.387,2.0,0.0,61.2,1,Partially Eligible
1.0,data-analyst,0.92,0.75,8.84,0.0,0.0,0.676,0.36,2.0,1.0,73.7,2,Eligible
0.0,python-developer,0.85,1.0,6.5,1.0,0.5,0.453,0.469,3.0,1.0,69.3,2,Eligible
4.0,web-developer,0.85,1.0,8.67,4.0,3.0,0.775,0.714,3.0,1.0,83.1,3,Highly Eligible
3.0,data-scientist,0.85,0.65,7.72,2.0,1.0,0.671,0.198,2.0,1.0,80.1,2,Eligible
4.0,web-developer,0.92,1.0,9.26,4.0,3.0,0.936,0.808,3.0,4.0,99.0,3,Highly Eligible
4.0,web-developer,0.85,1.0,7.52,2.0,2.0,0.423,0.553,4.0,1.0,74.1,2,Eligible
4.0,web-developer,0.92,1.0,9.22,1.0,1.0,0.65,0.218,2.0,0.0,81.8,2,Eligible
1.0,data-analyst,0.85,0.75,8.78,1.0,1.0,0.635,0.513,3.0,0.0,70.5,2,Eligible
4.0,web-developer,0.92,0.75,8.47,2.0,2.0,0.838,0.668,3.0,2.0,86.2,3,Highly Eligible
3.0,data-scientist,0.92,1.0,8.97,5.0,2.5,0.908,0.612,3.0,4.0,99.0,3,Highly Eligible
3.0,data-scientist,0.92,1.0,9.74,5.0,2.5,0.801,0.897,4.0,3.0,97.7,3,Highly Eligible
3.0,data-scientist,0.92,1.0,7.52,1.5,0.75,0.559,0.605,3.0,2.0,76.0,2,Eligible
2.0,machine-learning-engineer,0.92,1.0,9.17,4.0,2.0,0.958,0.74,5.0,3.0,99.0,3,Highly Eligible
4.0,web-developer,0.85,1.0,9.3,0.5,0.5,0.35,0.358,2.0,1.0,66.1,1,Partially Eligible
3.0,data-scientist,0.85,1.0,8.77,3.0,1.5,0.862,0.824,4.0,2.0,95.0,3,Highly Eligible
2.0,machine-learning-engineer,0.85,1.0,7.65,0.5,0.25,0.418,0.452,1.0,1.0,60.6,1,Partially Eligible
4.0,web-developer,0.85,1.0,6.33,1.5,1.5,0.798,0.307,4.0,0.0,86.5,3,Highly Eligible
4.0,web-developer,0.85,0.75,8.35,2.0,2.0,0.526,0.472,1.0,0.0,62.6,1,Partially Eligible
0.0,python-developer,0.65,1.0,7.75,2.0,1.0,0.614,0.415,3.0,3.0,82.1,3,Highly Eligible
4.0,web-developer,0.65,1.0,9.01,2.5,2.5,0.729,0.448,2.0,1.0,78.4,2,Eligible
5.0,software-developer,0.85,0.75,6.85,1.0,0.5,0.646,0.312,2.0,3.0,80.1,2,Eligible
0.0,python-developer,0.85,1.0,8.26,1.0,0.5,0.586,0.244,1.0,0.0,70.5,2,Eligible
1.0,data-analyst,0.85,0.65,6.16,0.0,0.0,0.013,0.0,0.0,0.0,34.6,0,Foundational / Action Required
5.0,software-developer,0.92,1.0,9.33,5.0,2.5,0.723,0.586,4.0,3.0,90.3,3,Highly Eligible
1.0,data-analyst,0.65,0.35,8.0,0.5,0.5,0.333,0.0,0.0,1.0,51.8,0,Foundational / Action Required
2.0,machine-learning-engineer,0.65,0.35,6.38,0.0,0.0,0.385,0.198,0.0,0.0,46.2,0,Foundational / Action Required
5.0,software-developer,0.92,1.0,8.8,3.0,1.5,0.769,0.51,4.0,2.0,90.2,3,Highly Eligible
0.0,python-developer,0.92,1.0,7.89,2.0,1.0,0.745,0.504,2.0,2.0,87.3,3,Highly Eligible
1.0,data-analyst,0.85,1.0,7.44,0.0,0.0,0.681,0.317,3.0,0.0,72.6,2,Eligible
1.0,data-analyst,0.85,1.0,8.39,0.5,0.5,0.35,0.187,2.0,0.0,60.0,1,Partially Eligible
1.0,data-analyst,0.85,1.0,8.31,0.0,0.0,0.437,0.353,2.0,2.0,64.4,1,Partially Eligible
4.0,web-developer,1.0,1.0,8.51,4.0,3.0,1.0,0.816,4.0,2.0,99.0,3,Highly Eligible
0.0,python-developer,0.85,0.35,5.71,0.5,0.25,0.182,0.025,0.0,0.0,44.6,0,Foundational / Action Required
1.0,data-analyst,0.85,0.65,5.57,0.0,0.0,0.157,0.067,2.0,1.0,48.9,0,Foundational / Action Required
0.0,python-developer,0.45,0.75,7.03,0.0,0.0,0.015,0.114,0.0,0.0,33.0,0,Foundational / Action Required
3.0,data-scientist,0.92,1.0,8.57,0.0,0.0,0.413,0.46,2.0,2.0,65.9,1,Partially Eligible
3.0,data-scientist,0.85,0.75,7.06,1.5,0.75,0.508,0.505,3.0,0.0,69.6,2,Eligible
5.0,software-developer,0.65,1.0,7.58,1.0,0.5,0.615,0.485,3.0,2.0,71.7,2,Eligible
4.0,web-developer,0.92,1.0,8.35,0.0,0.0,0.35,0.503,2.0,2.0,64.3,1,Partially Eligible
3.0,data-scientist,0.85,1.0,6.0,1.0,0.5,0.622,0.268,1.0,1.0,70.6,2,Eligible
2.0,machine-learning-engineer,0.92,1.0,8.13,0.5,0.25,0.791,0.541,2.0,0.0,78.9,2,Eligible
0.0,python-developer,0.65,0.75,7.99,2.5,1.25,0.423,0.639,2.0,1.0,63.0,1,Partially Eligible
1.0,data-analyst,1.0,1.0,8.65,5.0,3.0,0.997,0.764,4.0,4.0,99.0,3,Highly Eligible
2.0,machine-learning-engineer,0.85,0.75,8.17,4.0,2.0,0.829,0.639,5.0,1.0,88.5,3,Highly Eligible
5.0,software-developer,0.85,1.0,7.75,0.0,0.0,0.627,0.128,2.0,0.0,71.3,2,Eligible
2.0,machine-learning-engineer,0.65,0.35,7.9,0.0,0.0,0.131,0.249,0.0,0.0,39.7,0,Foundational / Action Required
5.0,software-developer,0.85,1.0,6.64,1.5,0.75,0.641,0.208,3.0,1.0,72.7,2,Eligible
3.0,data-scientist,0.92,1.0,9.69,5.0,2.5,0.888,0.722,4.0,2.0,99.0,3,Highly Eligible
0.0,python-developer,0.92,1.0,9.17,4.0,2.0,0.979,0.946,5.0,2.0,99.0,3,Highly Eligible
5.0,software-developer,0.85,0.75,8.75,0.0,0.0,0.594,0.46,2.0,0.0,68.8,2,Eligible
1.0,data-analyst,0.92,1.0,8.37,4.0,3.0,0.713,0.9,5.0,1.0,89.9,3,Highly Eligible
2.0,machine-learning-engineer,0.92,1.0,9.53,6.0,3.0,0.894,1.0,5.0,4.0,99.0,3,Highly Eligible
5.0,software-developer,0.85,0.65,5.0,0.0,0.0,0.029,0.107,2.0,0.0,40.1,0,Foundational / Action Required
4.0,web-developer,0.92,1.0,9.03,5.0,3.0,1.0,0.63,4.0,2.0,99.0,3,Highly Eligible
5.0,software-developer,0.92,1.0,7.57,0.0,0.0,0.669,0.208,2.0,0.0,71.4,2,Eligible
1.0,data-analyst,0.85,0.75,7.64,0.0,0.0,0.613,0.387,3.0,0.0,68.0,1,Partially Eligible
3.0,data-scientist,0.92,1.0,8.98,0.0,0.0,0.729,0.304,3.0,0.0,81.8,2,Eligible
0.0,python-developer,0.92,1.0,7.23,0.0,0.0,0.557,0.177,3.0,2.0,77.7,2,Eligible
4.0,web-developer,0.85,1.0,7.68,2.0,2.0,0.745,0.771,3.0,2.0,87.3,3,Highly Eligible
1.0,data-analyst,0.92,1.0,8.67,3.0,3.0,1.0,0.595,3.0,2.0,99.0,3,Highly Eligible
5.0,software-developer,0.45,0.75,5.0,0.0,0.0,0.176,0.162,0.0,0.0,33.8,0,Foundational / Action Required
1.0,data-analyst,0.85,0.75,7.74,2.0,2.0,0.595,0.7,2.0,0.0,70.2,2,Eligible
2.0,machine-learning-engineer,0.85,0.75,7.65,0.0,0.0,0.717,0.387,3.0,2.0,79.2,2,Eligible
1.0,data-analyst,0.85,1.0,8.44,0.0,0.0,0.648,0.531,2.0,0.0,70.6,2,Eligible
0.0,python-developer,0.85,0.75,7.51,0.0,0.0,0.395,0.126,1.0,0.0,54.7,1,Partially Eligible
0.0,python-developer,0.85,1.0,7.04,2.0,1.0,0.591,0.612,2.0,1.0,71.9,2,Eligible
1.0,data-analyst,0.92,1.0,8.04,5.0,3.0,0.6,0.648,2.0,2.0,79.2,2,Eligible
2.0,machine-learning-engineer,0.65,1.0,7.35,0.0,0.0,0.235,0.019,0.0,0.0,48.5,0,Foundational / Action Required
4.0,web-developer,0.65,0.35,5.92,0.5,0.5,0.156,0.3,0.0,0.0,39.3,0,Foundational / Action Required
5.0,software-developer,0.85,0.35,6.75,0.0,0.0,0.13,0.075,0.0,0.0,35.9,0,Foundational / Action Required
4.0,web-developer,0.85,1.0,6.79,1.5,1.5,0.423,0.324,1.0,0.0,65.3,1,Partially Eligible
2.0,machine-learning-engineer,0.85,1.0,8.3,0.0,0.0,0.648,0.38,3.0,2.0,71.0,2,Eligible
3.0,data-scientist,0.92,1.0,8.66,5.0,2.5,0.947,0.749,5.0,2.0,97.9,3,Highly Eligible
0.0,python-developer,0.45,0.35,5.89,1.0,0.5,0.115,0.026,0.0,1.0,36.3,0,Foundational / Action Required
3.0,data-scientist,0.85,1.0,8.4,2.0,1.0,0.741,0.15,3.0,2.0,92.0,3,Highly Eligible
5.0,software-developer,0.85,0.35,7.36,0.0,0.0,0.19,0.0,0.0,0.0,43.6,0,Foundational / Action Required
2.0,machine-learning-engineer,0.85,1.0,7.69,0.0,0.0,0.489,0.6,1.0,1.0,65.5,1,Partially Eligible
5.0,software-developer,0.92,1.0,8.99,0.5,0.25,0.504,0.204,3.0,0.0,65.6,1,Partially Eligible
3.0,data-scientist,0.65,0.75,6.53,0.0,0.0,0.203,0.119,1.0,0.0,38.9,0,Foundational / Action Required
2.0,machine-learning-engineer,0.45,0.65,6.76,1.0,0.5,0.29,0.043,2.0,0.0,47.9,0,Foundational / Action Required
4.0,web-developer,0.92,1.0,7.7,3.0,3.0,0.82,0.827,4.0,4.0,96.5,3,Highly Eligible
4.0,web-developer,0.85,1.0,6.18,0.0,0.0,0.237,0.105,1.0,1.0,51.3,0,Foundational / Action Required
3.0,data-scientist,0.85,1.0,7.77,0.0,0.0,0.75,0.345,1.0,0.0,75.1,2,Eligible
3.0,data-scientist,0.85,0.35,5.85,0.0,0.0,0.077,0.264,0.0,0.0,36.9,0,Foundational / Action Required
0.0,python-developer,0.85,0.75,7.02,1.0,0.5,0.655,0.704,3.0,2.0,75.0,2,Eligible
4.0,web-developer,0.85,0.65,7.74,1.0,1.0,0.705,0.461,2.0,0.0,76.0,2,Eligible
0.0,python-developer,0.92,1.0,8.99,4.0,2.0,0.888,0.875,3.0,2.0,99.0,3,Highly Eligible
3.0,data-scientist,0.85,1.0,7.41,0.0,0.0,0.524,0.434,3.0,2.0,70.2,2,Eligible
5.0,software-developer,0.85,1.0,8.62,0.5,0.25,0.627,0.394,2.0,2.0,77.1,2,Eligible
2.0,machine-learning-engineer,1.0,1.0,8.51,5.0,2.5,0.871,0.924,3.0,2.0,95.7,3,Highly Eligible
4.0,web-developer,0.85,1.0,9.23,2.0,2.0,0.63,0.626,5.0,2.0,90.3,3,Highly Eligible
2.0,machine-learning-engineer,0.85,0.75,7.32,0.0,0.0,0.562,0.112,1.0,1.0,65.7,1,Partially Eligible
0.0,python-developer,0.92,1.0,9.19,4.0,2.0,0.907,0.725,4.0,4.0,99.0,3,Highly Eligible
0.0,python-developer,0.92,0.75,7.48,2.5,1.25,0.761,0.383,3.0,2.0,87.8,3,Highly Eligible
1.0,data-analyst,0.85,0.75,7.75,0.0,0.0,0.605,0.565,3.0,2.0,67.7,1,Partially Eligible
5.0,software-developer,0.85,1.0,6.83,0.0,0.0,0.8,0.1,2.0,1.0,77.9,2,Eligible
4.0,web-developer,0.85,0.75,8.41,2.0,2.0,0.938,0.426,4.0,2.0,98.9,3,Highly Eligible
4.0,web-developer,0.85,1.0,8.0,3.0,3.0,0.708,0.836,4.0,2.0,89.9,3,Highly Eligible
0.0,python-developer,0.85,0.75,8.66,4.0,2.0,0.81,0.9,5.0,2.0,94.5,3,Highly Eligible
5.0,software-developer,0.92,1.0,7.72,0.0,0.0,0.35,0.497,1.0,1.0,58.9,1,Partially Eligible
2.0,machine-learning-engineer,0.85,0.65,6.09,0.0,0.0,0.217,0.08,1.0,0.0,44.2,0,Foundational / Action Required
4.0,web-developer,0.85,0.75,7.15,2.0,2.0,0.54,0.186,1.0,2.0,74.1,2,Eligible
0.0,python-developer,0.92,1.0,7.91,4.0,2.0,0.916,0.53,3.0,1.0,96.3,3,Highly Eligible
1.0,data-analyst,0.85,0.35,6.46,0.5,0.5,0.103,0.167,0.0,0.0,44.7,0,Foundational / Action Required
3.0,data-scientist,0.92,0.75,7.45,2.5,1.25,0.651,0.323,3.0,0.0,81.4,2,Eligible
4.0,web-developer,0.85,0.75,8.85,0.0,0.0,0.444,0.421,2.0,0.0,59.4,1,Partially Eligible
5.0,software-developer,0.85,0.65,7.24,1.5,0.75,0.4,0.473,2.0,0.0,58.0,1,Partially Eligible
3.0,data-scientist,0.45,0.35,6.2,0.0,0.0,0.074,0.0,0.0,0.0,32.3,0,Foundational / Action Required
2.0,machine-learning-engineer,0.92,1.0,7.48,5.0,2.5,0.633,0.838,2.0,3.0,88.6,3,Highly Eligible
1.0,data-analyst,0.85,0.75,7.7,1.5,1.5,0.746,0.434,3.0,1.0,81.3,2,Eligible
4.0,web-developer,0.85,1.0,6.25,1.5,1.5,0.719,0.319,2.0,1.0,81.8,2,Eligible
3.0,data-scientist,0.92,0.75,6.72,0.0,0.0,0.7,0.378,3.0,2.0,82.8,3,Highly Eligible
5.0,software-developer,0.85,0.75,7.07,1.5,0.75,0.645,0.388,3.0,1.0,71.4,2,Eligible
3.0,data-scientist,0.85,1.0,8.51,1.0,0.5,0.35,0.317,2.0,2.0,65.7,1,Partially Eligible
0.0,python-developer,0.92,1.0,8.2,5.0,2.5,0.774,0.819,4.0,2.0,94.2,3,Highly Eligible
3.0,data-scientist,0.85,1.0,9.11,4.0,2.0,1.0,0.642,4.0,1.0,99.0,3,Highly Eligible
2.0,machine-learning-engineer,0.85,0.75,9.07,2.0,1.0,0.609,0.678,3.0,2.0,80.8,2,Eligible
3.0,data-scientist,0.92,1.0,8.14,5.0,2.5,0.6,0.59,3.0,3.0,83.1,3,Highly Eligible
2.0,machine-learning-engineer,0.85,0.75,8.28,3.0,1.5,0.774,0.647,3.0,3.0,90.8,3,Highly Eligible
2.0,machine-learning-engineer,0.85,0.65,8.05,1.5,0.75,0.578,0.617,4.0,0.0,67.8,1,Partially Eligible
5.0,software-developer,0.92,0.75,8.22,2.0,1.0,0.823,0.158,3.0,0.0,80.8,2,Eligible
0.0,python-developer,0.85,0.75,7.95,1.0,0.5,0.617,0.389,1.0,1.0,67.4,1,Partially Eligible
1.0,data-analyst,0.85,1.0,8.57,5.0,3.0,0.653,0.537,2.0,2.0,82.6,3,Highly Eligible
2.0,machine-learning-engineer,0.85,1.0,7.61,4.0,2.0,0.646,0.854,2.0,3.0,84.7,3,Highly Eligible
3.0,data-scientist,0.45,0.65,6.15,0.0,0.0,0.275,0.0,1.0,0.0,40.2,0,Foundational / Action Required
5.0,software-developer,0.65,0.75,7.44,0.0,0.0,0.027,0.0,1.0,0.0,37.7,0,Foundational / Action Required
3.0,data-scientist,0.92,0.75,6.85,0.0,0.0,0.354,0.38,1.0,1.0,57.0,1,Partially Eligible
2.0,machine-learning-engineer,0.92,0.75,7.62,1.5,0.75,0.85,0.15,3.0,1.0,85.0,3,Highly Eligible
5.0,software-developer,0.92,1.0,9.2,5.0,2.5,0.933,0.816,4.0,3.0,99.0,3,Highly Eligible
3.0,data-scientist,0.65,0.35,6.65,0.0,0.0,0.401,0.073,2.0,0.0,52.0,0,Foundational / Action Required
4.0,web-developer,0.45,0.65,6.03,1.0,1.0,0.349,0.0,0.0,0.0,46.7,0,Foundational / Action Required
0.0,python-developer,0.85,1.0,8.79,5.0,2.5,0.643,0.412,5.0,2.0,88.6,3,Highly Eligible
3.0,data-scientist,0.85,0.75,8.27,1.0,0.5,0.718,0.283,1.0,1.0,73.9,2,Eligible
0.0,python-developer,1.0,1.0,9.37,5.0,2.5,0.89,0.703,4.0,3.0,99.0,3,Highly Eligible
2.0,machine-learning-engineer,0.85,0.75,7.49,0.0,0.0,0.697,0.282,2.0,1.0,70.7,2,Eligible
2.0,machine-learning-engineer,0.92,1.0,9.03,3.0,1.5,0.663,0.568,3.0,1.0,81.0,2,Eligible
2.0,machine-learning-engineer,0.92,0.75,8.35,2.0,1.0,0.782,0.554,3.0,3.0,90.5,3,Highly Eligible
0.0,python-developer,0.85,1.0,9.23,4.0,2.0,0.83,0.73,3.0,4.0,94.3,3,Highly Eligible
3.0,data-scientist,0.92,0.75,7.28,2.5,1.25,0.723,0.411,3.0,1.0,79.2,2,Eligible
4.0,web-developer,0.92,0.75,7.14,2.0,2.0,0.62,0.2,1.0,1.0,79.1,2,Eligible
0.0,python-developer,0.45,0.65,6.09,0.0,0.0,0.138,0.086,0.0,0.0,31.5,0,Foundational / Action Required
5.0,software-developer,0.85,0.75,8.1,1.0,0.5,0.584,0.32,3.0,1.0,71.2,2,Eligible
4.0,web-developer,0.92,0.75,7.27,2.0,2.0,0.493,0.515,3.0,1.0,78.3,2,Eligible
3.0,data-scientist,0.85,1.0,8.78,5.0,2.5,0.664,0.847,4.0,1.0,82.6,3,Highly Eligible
3.0,data-scientist,0.85,1.0,7.55,1.0,0.5,0.607,0.15,1.0,1.0,74.5,2,Eligible
0.0,python-developer,0.85,1.0,8.11,0.5,0.25,0.59,0.244,1.0,1.0,68.1,2,Eligible
1.0,data-analyst,1.0,1.0,9.16,4.0,3.0,0.989,0.709,3.0,3.0,99.0,3,Highly Eligible
4.0,web-developer,0.85,1.0,7.86,0.0,0.0,0.35,0.526,2.0,1.0,58.7,1,Partially Eligible
2.0,machine-learning-engineer,0.92,1.0,7.77,5.0,2.5,0.685,0.553,2.0,1.0,82.8,3,Highly Eligible
4.0,web-developer,0.85,1.0,6.74,1.5,1.5,0.482,0.427,3.0,1.0,74.8,2,Eligible
3.0,data-scientist,0.45,0.65,5.77,0.0,0.0,0.284,0.064,1.0,0.0,42.9,0,Foundational / Action Required
5.0,software-developer,0.85,1.0,6.79,1.0,0.5,0.4,0.516,4.0,1.0,64.3,1,Partially Eligible
3.0,data-scientist,0.45,0.65,5.72,0.0,0.0,0.108,0.102,1.0,0.0,31.6,0,Foundational / Action Required
0.0,python-developer,0.85,1.0,6.0,2.0,1.0,0.494,0.26,1.0,0.0,68.3,2,Eligible
1.0,data-analyst,0.65,0.35,7.46,0.0,0.0,0.107,0.178,0.0,0.0,39.0,0,Foundational / Action Required
2.0,machine-learning-engineer,0.85,0.75,8.79,4.0,2.0,0.805,0.729,3.0,2.0,86.6,3,Highly Eligible
4.0,web-developer,0.85,1.0,8.76,2.0,2.0,0.977,0.645,3.0,3.0,99.0,3,Highly Eligible
1.0,data-analyst,0.85,1.0,8.6,3.0,3.0,0.735,0.511,2.0,3.0,88.7,3,Highly Eligible
2.0,machine-learning-engineer,0.85,0.65,7.7,2.0,1.0,0.567,0.417,1.0,3.0,75.0,2,Eligible
3.0,data-scientist,1.0,1.0,9.13,4.0,2.0,1.0,0.719,5.0,2.0,99.0,3,Highly Eligible
5.0,software-developer,0.85,0.75,8.52,0.5,0.25,0.573,0.483,2.0,0.0,70.2,2,Eligible
3.0,data-scientist,0.85,0.75,7.88,3.0,1.5,0.865,0.798,3.0,3.0,94.7,3,Highly Eligible
0.0,python-developer,0.85,0.75,7.14,0.0,0.0,0.8,0.391,2.0,2.0,82.5,3,Highly Eligible
0.0,python-developer,0.85,1.0,7.18,0.0,0.0,0.611,0.1,1.0,2.0,69.2,2,Eligible
5.0,software-developer,0.85,1.0,8.47,4.0,2.0,0.605,0.35,3.0,1.0,78.0,2,Eligible
4.0,web-developer,1.0,1.0,9.52,3.0,3.0,0.773,0.549,4.0,1.0,91.6,3,Highly Eligible
1.0,data-analyst,0.92,0.75,8.17,3.0,3.0,0.6,0.755,3.0,1.0,74.0,2,Eligible
5.0,software-developer,0.45,0.75,6.43,0.0,0.0,0.262,0.117,0.0,0.0,35.1,0,Foundational / Action Required
1.0,data-analyst,0.92,1.0,8.57,4.0,3.0,0.898,0.748,4.0,3.0,98.4,3,Highly Eligible
2.0,machine-learning-engineer,0.92,0.75,7.11,2.0,1.0,0.476,0.15,1.0,1.0,73.3,2,Eligible
4.0,web-developer,0.92,1.0,8.02,0.0,0.0,0.422,0.498,2.0,0.0,60.8,1,Partially Eligible
0.0,python-developer,0.92,1.0,6.95,0.0,0.0,0.525,0.354,2.0,1.0,69.1,2,Eligible
4.0,web-developer,0.85,0.75,9.36,4.0,3.0,0.909,0.606,2.0,4.0,98.6,3,Highly Eligible
3.0,data-scientist,0.85,1.0,7.01,0.5,0.25,0.584,0.386,2.0,0.0,70.7,2,Eligible
0.0,python-developer,0.65,0.35,6.69,0.0,0.0,0.45,0.095,0.0,0.0,50.7,0,Foundational / Action Required
1.0,data-analyst,0.92,0.75,8.1,2.0,2.0,0.868,0.868,4.0,3.0,99.0,3,Highly Eligible
0.0,python-developer,0.85,1.0,8.3,3.0,1.5,0.944,0.564,3.0,3.0,99.0,3,Highly Eligible
3.0,data-scientist,0.85,1.0,6.66,0.0,0.0,0.405,0.6,3.0,1.0,63.2,1,Partially Eligible
0.0,python-developer,0.85,1.0,9.06,3.0,1.5,0.911,0.5,4.0,1.0,92.3,3,Highly Eligible
5.0,software-developer,0.85,1.0,7.41,5.0,2.5,0.818,0.633,4.0,3.0,93.1,3,Highly Eligible
1.0,data-analyst,0.85,1.0,7.67,0.0,0.0,0.627,0.287,2.0,1.0,67.6,1,Partially Eligible
3.0,data-scientist,0.85,1.0,7.61,1.0,0.5,0.699,0.302,1.0,0.0,73.2,2,Eligible
5.0,software-developer,0.85,1.0,8.71,5.0,2.5,0.769,0.648,2.0,4.0,91.9,3,Highly Eligible
2.0,machine-learning-engineer,0.65,0.65,8.07,2.0,1.0,0.577,0.339,1.0,3.0,75.8,2,Eligible
4.0,web-developer,0.85,0.35,6.21,0.0,0.0,0.153,0.234,0.0,1.0,46.0,0,Foundational / Action Required
5.0,software-developer,0.85,1.0,7.88,1.5,0.75,0.591,0.497,1.0,0.0,74.8,2,Eligible
2.0,machine-learning-engineer,0.85,0.75,7.3,0.0,0.0,0.35,0.414,2.0,1.0,61.5,1,Partially Eligible
3.0,data-scientist,0.85,1.0,9.43,2.0,1.0,0.684,0.702,3.0,4.0,90.1,3,Highly Eligible
3.0,data-scientist,0.92,1.0,8.07,0.0,0.0,0.472,0.48,1.0,0.0,60.4,1,Partially Eligible
3.0,data-scientist,0.92,1.0,9.81,5.0,2.5,1.0,0.83,4.0,4.0,99.0,3,Highly Eligible
1.0,data-analyst,0.65,1.0,7.42,0.0,0.0,0.255,0.023,0.0,0.0,43.9,0,Foundational / Action Required
3.0,data-scientist,0.85,1.0,7.12,0.0,0.0,0.489,0.282,1.0,0.0,55.4,1,Partially Eligible
4.0,web-developer,0.92,1.0,7.08,1.0,1.0,0.785,0.371,1.0,1.0,79.5,2,Eligible
1.0,data-analyst,0.85,0.75,8.06,1.0,1.0,0.608,0.335,1.0,1.0,73.1,2,Eligible
3.0,data-scientist,0.45,0.35,7.91,0.0,0.0,0.267,0.0,1.0,0.0,42.5,0,Foundational / Action Required
1.0,data-analyst,0.92,1.0,6.96,1.0,1.0,0.4,0.46,4.0,1.0,69.9,2,Eligible
4.0,web-developer,0.92,1.0,7.55,2.0,2.0,0.714,0.624,5.0,1.0,87.4,3,Highly Eligible
4.0,web-developer,0.85,1.0,7.36,1.0,1.0,0.502,0.179,2.0,1.0,70.7,2,Eligible
5.0,software-developer,0.85,0.75,7.24,2.0,1.0,0.681,0.315,2.0,1.0,80.3,2,Eligible
1.0,data-analyst,0.45,0.35,6.51,0.5,0.5,0.036,0.058,0.0,0.0,37.5,0,Foundational / Action Required
0.0,python-developer,0.85,1.0,6.0,1.0,0.5,0.617,0.401,2.0,2.0,74.7,2,Eligible
2.0,machine-learning-engineer,0.92,1.0,7.43,2.0,1.0,0.631,0.228,1.0,3.0,84.4,3,Highly Eligible
3.0,data-scientist,0.65,0.35,7.26,0.0,0.0,0.256,0.132,1.0,1.0,46.9,0,Foundational / Action Required
2.0,machine-learning-engineer,0.85,1.0,7.59,0.0,0.0,0.599,0.337,3.0,0.0,67.1,1,Partially Eligible
4.0,web-developer,0.92,0.75,8.44,2.0,2.0,0.742,0.222,2.0,1.0,81.5,2,Eligible
2.0,machine-learning-engineer,0.85,1.0,7.73,3.0,1.5,0.718,0.61,2.0,1.0,80.5,2,Eligible
0.0,python-developer,0.85,1.0,8.67,5.0,2.5,0.997,0.575,2.0,3.0,98.7,3,Highly Eligible
2.0,machine-learning-engineer,0.85,1.0,7.87,5.0,2.5,1.0,0.449,3.0,4.0,99.0,3,Highly Eligible
5.0,software-developer,0.85,1.0,8.42,2.0,1.0,0.612,0.487,5.0,3.0,86.2,3,Highly Eligible
2.0,machine-learning-engineer,0.85,1.0,8.13,0.5,0.25,0.35,0.581,2.0,2.0,67.8,1,Partially Eligible
4.0,web-developer,0.92,1.0,8.8,3.0,3.0,0.769,0.8,3.0,2.0,97.1,3,Highly Eligible
4.0,web-developer,0.92,1.0,6.7,1.5,1.5,0.791,0.75,1.0,1.0,82.6,3,Highly Eligible
5.0,software-developer,0.85,1.0,7.61,0.0,0.0,0.408,0.314,2.0,2.0,67.6,1,Partially Eligible
3.0,data-scientist,0.85,1.0,8.77,0.0,0.0,0.374,0.569,1.0,1.0,54.3,1,Partially Eligible
1.0,data-analyst,0.92,0.75,7.88,1.0,1.0,0.736,0.213,2.0,1.0,78.8,2,Eligible
3.0,data-scientist,0.85,1.0,8.19,0.5,0.25,0.51,0.526,1.0,0.0,63.7,1,Partially Eligible
4.0,web-developer,0.85,1.0,8.63,1.0,1.0,0.698,0.49,2.0,1.0,79.5,2,Eligible
3.0,data-scientist,0.85,0.75,7.22,0.0,0.0,0.615,0.179,3.0,0.0,64.5,1,Partially Eligible
2.0,machine-learning-engineer,0.65,0.65,6.11,0.0,0.0,0.0,0.227,1.0,0.0,32.2,0,Foundational / Action Required
2.0,machine-learning-engineer,0.85,0.75,8.25,2.0,1.0,0.9,0.734,4.0,3.0,94.7,3,Highly Eligible
4.0,web-developer,0.85,1.0,7.79,2.0,2.0,0.658,0.626,3.0,2.0,85.1,3,Highly Eligible
4.0,web-developer,0.92,1.0,9.25,4.0,3.0,0.952,0.966,6.0,4.0,99.0,3,Highly Eligible
3.0,data-scientist,0.92,1.0,8.85,0.0,0.0,0.592,0.419,3.0,0.0,74.3,2,Eligible
3.0,data-scientist,0.92,0.75,7.66,0.5,0.25,0.384,0.49,2.0,2.0,68.8,2,Eligible
2.0,machine-learning-engineer,0.85,0.75,6.97,0.0,0.0,0.635,0.281,1.0,1.0,66.8,1,Partially Eligible
1.0,data-analyst,0.92,1.0,8.09,1.0,1.0,0.523,0.6,1.0,1.0,74.0,2,Eligible
5.0,software-developer,0.85,1.0,9.36,3.0,1.5,0.746,0.865,3.0,3.0,90.3,3,Highly Eligible
1.0,data-analyst,0.45,0.35,6.57,0.0,0.0,0.29,0.195,0.0,1.0,38.0,0,Foundational / Action Required
4.0,web-developer,0.92,0.75,7.33,5.0,3.0,1.0,0.519,3.0,2.0,94.8,3,Highly Eligible
3.0,data-scientist,0.85,0.65,6.65,0.0,0.0,0.225,0.017,2.0,0.0,47.9,0,Foundational / Action Required
1.0,data-analyst,0.85,1.0,7.52,0.5,0.5,0.35,0.273,2.0,2.0,67.6,1,Partially Eligible
3.0,data-scientist,0.85,0.35,7.15,0.0,0.0,0.41,0.152,1.0,0.0,49.3,0,Foundational / Action Required
0.0,python-developer,0.85,0.75,8.12,3.0,1.5,0.823,0.623,4.0,2.0,89.1,3,Highly Eligible
2.0,machine-learning-engineer,0.85,0.75,8.43,0.5,0.25,0.541,0.357,2.0,1.0,69.2,2,Eligible
5.0,software-developer,0.85,1.0,7.36,0.0,0.0,0.618,0.446,1.0,0.0,64.3,1,Partially Eligible
3.0,data-scientist,0.92,1.0,8.78,6.0,3.0,0.802,0.786,4.0,3.0,99.0,3,Highly Eligible
5.0,software-developer,0.85,1.0,7.64,0.0,0.0,0.469,0.292,1.0,0.0,60.1,1,Partially Eligible
3.0,data-scientist,0.85,0.75,8.38,1.5,0.75,0.622,0.394,3.0,0.0,69.4,2,Eligible
3.0,data-scientist,0.85,0.75,6.67,0.5,0.25,0.526,0.199,2.0,1.0,70.5,2,Eligible
5.0,software-developer,0.85,1.0,6.38,0.0,0.0,0.185,0.225,1.0,0.0,49.9,0,Foundational / Action Required
5.0,software-developer,0.85,1.0,6.5,0.0,0.0,0.787,0.6,2.0,1.0,78.9,2,Eligible
1.0,data-analyst,0.85,1.0,6.34,1.0,1.0,0.554,0.75,4.0,1.0,79.3,2,Eligible
3.0,data-scientist,0.85,0.75,7.48,0.0,0.0,0.671,0.305,3.0,1.0,76.8,2,Eligible
0.0,python-developer,0.92,1.0,7.82,1.0,0.5,0.475,0.1,3.0,1.0,73.3,2,Eligible
1.0,data-analyst,0.92,1.0,8.03,0.5,0.5,0.733,0.393,3.0,0.0,75.9,2,Eligible
4.0,web-developer,0.85,0.75,7.92,4.0,3.0,0.861,0.504,2.0,4.0,91.1,3,Highly Eligible
4.0,web-developer,0.92,1.0,7.71,3.0,3.0,0.792,0.591,2.0,3.0,96.1,3,Highly Eligible
2.0,machine-learning-engineer,0.45,0.35,7.65,0.0,0.0,0.234,0.093,1.0,0.0,37.4,0,Foundational / Action Required
0.0,python-developer,0.92,1.0,7.62,0.0,0.0,0.461,0.387,2.0,1.0,65.4,1,Partially Eligible
3.0,data-scientist,0.85,0.75,6.2,0.0,0.0,0.175,0.029,0.0,1.0,45.7,0,Foundational / Action Required
0.0,python-developer,0.85,0.75,7.44,1.0,0.5,0.542,0.276,2.0,1.0,66.4,1,Partially Eligible
4.0,web-developer,0.85,1.0,8.29,2.0,2.0,0.761,0.519,3.0,3.0,92.1,3,Highly Eligible
3.0,data-scientist,0.65,0.75,7.05,0.5,0.25,0.273,0.086,0.0,0.0,46.2,0,Foundational / Action Required
0.0,python-developer,0.92,0.65,6.53,1.0,0.5,0.467,0.531,1.0,2.0,64.3,1,Partially Eligible
5.0,software-developer,0.85,0.75,8.65,2.0,1.0,0.697,0.551,3.0,2.0,83.6,3,Highly Eligible
1.0,data-analyst,0.85,0.65,6.23,0.0,0.0,0.232,0.007,0.0,0.0,41.9,0,Foundational / Action Required
3.0,data-scientist,0.65,0.35,5.29,0.0,0.0,0.266,0.3,0.0,0.0,40.6,0,Foundational / Action Required
5.0,software-developer,0.92,1.0,6.99,0.0,0.0,0.633,0.1,1.0,1.0,68.9,2,Eligible
1.0,data-analyst,0.92,1.0,9.2,6.0,3.0,0.929,1.0,3.0,3.0,99.0,3,Highly Eligible
0.0,python-developer,0.85,1.0,8.28,0.0,0.0,0.439,0.175,1.0,1.0,62.7,1,Partially Eligible
3.0,data-scientist,0.92,1.0,9.34,3.0,1.5,0.888,0.808,4.0,3.0,99.0,3,Highly Eligible
2.0,machine-learning-engineer,0.85,1.0,8.64,0.5,0.25,0.732,0.453,2.0,1.0,74.7,2,Eligible
2.0,machine-learning-engineer,0.85,1.0,7.53,0.0,0.0,0.527,0.546,3.0,1.0,65.5,1,Partially Eligible
4.0,web-developer,0.85,0.65,7.83,2.0,2.0,0.574,0.597,3.0,0.0,74.0,2,Eligible
5.0,software-developer,0.92,1.0,9.4,3.0,1.5,1.0,0.89,5.0,4.0,99.0,3,Highly Eligible
3.0,data-scientist,0.85,1.0,8.05,1.0,0.5,0.535,0.57,2.0,2.0,74.3,2,Eligible
5.0,software-developer,0.92,1.0,7.54,2.0,1.0,0.775,0.561,3.0,1.0,85.3,3,Highly Eligible
0.0,python-developer,0.45,0.75,5.1,0.5,0.25,0.335,0.0,1.0,0.0,43.8,0,Foundational / Action Required
2.0,machine-learning-engineer,0.92,0.75,7.66,0.0,0.0,0.51,0.381,1.0,1.0,63.3,1,Partially Eligible
5.0,software-developer,0.92,1.0,7.23,1.5,0.75,0.634,0.16,2.0,1.0,80.3,2,Eligible
4.0,web-developer,0.92,1.0,9.38,6.0,3.0,0.994,0.627,4.0,4.0,99.0,3,Highly Eligible
3.0,data-scientist,0.92,0.75,7.3,2.0,1.0,0.919,0.615,4.0,2.0,93.7,3,Highly Eligible
2.0,machine-learning-engineer,0.92,1.0,8.11,0.0,0.0,0.439,0.491,2.0,2.0,67.3,1,Partially Eligible
5.0,software-developer,0.85,1.0,7.45,2.0,1.0,0.85,0.364,2.0,1.0,88.4,3,Highly Eligible
5.0,software-developer,1.0,1.0,8.9,5.0,2.5,0.948,0.699,6.0,2.0,99.0,3,Highly Eligible
3.0,data-scientist,0.92,1.0,8.71,4.0,2.0,0.985,0.85,4.0,3.0,99.0,3,Highly Eligible
4.0,web-developer,0.45,0.35,7.52,0.5,0.5,0.161,0.144,1.0,0.0,35.4,0,Foundational / Action Required
0.0,python-developer,0.85,0.75,7.54,0.0,0.0,0.579,0.261,1.0,2.0,67.5,1,Partially Eligible
4.0,web-developer,0.65,0.35,7.21,0.0,0.0,0.408,0.097,1.0,0.0,53.5,1,Partially Eligible
0.0,python-developer,1.0,1.0,9.01,4.0,2.0,0.962,0.859,6.0,3.0,99.0,3,Highly Eligible
1.0,data-analyst,0.85,1.0,8.0,5.0,3.0,0.673,0.706,3.0,1.0,79.6,2,Eligible
5.0,software-developer,0.85,0.75,7.58,0.0,0.0,0.468,0.222,1.0,1.0,62.8,1,Partially Eligible
5.0,software-developer,0.92,1.0,9.22,5.0,2.5,0.914,0.859,6.0,3.0,99.0,3,Highly Eligible
2.0,machine-learning-engineer,0.92,1.0,7.69,4.0,2.0,0.67,0.732,3.0,3.0,84.6,3,Highly Eligible
1.0,data-analyst,0.85,0.65,6.64,0.0,0.0,0.039,0.0,0.0,1.0,39.7,0,Foundational / Action Required
5.0,software-developer,0.65,0.35,5.44,0.0,0.0,0.362,0.192,0.0,0.0,48.0,0,Foundational / Action Required
0.0,python-developer,0.85,1.0,7.14,0.5,0.25,0.35,0.184,1.0,1.0,56.2,1,Partially Eligible
3.0,data-scientist,0.85,1.0,6.05,1.5,0.75,0.85,0.655,2.0,0.0,83.7,3,Highly Eligible
0.0,python-developer,0.65,0.75,5.55,0.0,0.0,0.161,0.202,0.0,0.0,37.6,0,Foundational / Action Required
5.0,software-developer,0.85,0.35,5.0,0.0,0.0,0.146,0.088,0.0,0.0,40.0,0,Foundational / Action Required
5.0,software-developer,0.65,0.75,7.16,0.0,0.0,0.0,0.059,0.0,1.0,39.0,0,Foundational / Action Required
0.0,python-developer,0.85,1.0,8.34,0.0,0.0,0.544,0.175,1.0,1.0,71.6,2,Eligible
3.0,data-scientist,0.85,0.75,8.57,4.0,2.0,0.729,0.467,4.0,3.0,96.2,3,Highly Eligible
1.0,data-analyst,0.92,1.0,8.96,5.0,3.0,0.785,0.607,2.0,1.0,90.1,3,Highly Eligible
5.0,software-developer,0.45,0.65,7.19,0.0,0.0,0.0,0.228,0.0,0.0,39.7,0,Foundational / Action Required
2.0,machine-learning-engineer,0.45,0.75,6.65,0.5,0.25,0.183,0.108,0.0,0.0,31.9,0,Foundational / Action Required
0.0,python-developer,0.92,1.0,8.09,2.0,1.0,0.827,0.582,5.0,1.0,96.0,3,Highly Eligible
0.0,python-developer,0.85,1.0,8.43,2.0,1.0,0.788,0.63,4.0,2.0,88.9,3,Highly Eligible
2.0,machine-learning-engineer,0.92,0.75,8.12,3.0,1.5,0.874,0.467,3.0,1.0,88.9,3,Highly Eligible
0.0,python-developer,0.85,1.0,8.22,0.5,0.25,0.755,0.562,2.0,1.0,81.4,2,Eligible
2.0,machine-learning-engineer,0.65,1.0,7.03,2.0,1.0,0.718,0.528,1.0,1.0,76.5,2,Eligible
2.0,machine-learning-engineer,0.85,1.0,9.58,2.0,1.0,0.76,0.571,3.0,2.0,88.0,3,Highly Eligible
2.0,machine-learning-engineer,0.85,1.0,8.51,0.0,0.0,0.689,0.358,2.0,2.0,77.3,2,Eligible
3.0,data-scientist,0.85,1.0,7.82,2.0,1.0,0.744,0.532,5.0,2.0,87.3,3,Highly Eligible
1.0,data-analyst,0.92,1.0,8.02,3.0,3.0,0.882,0.77,3.0,3.0,95.6,3,Highly Eligible
1.0,data-analyst,0.65,0.35,5.92,0.0,0.0,0.169,0.191,0.0,0.0,38.5,0,Foundational / Action Required
4.0,web-developer,1.0,1.0,9.19,5.0,3.0,0.975,0.897,5.0,4.0,99.0,3,Highly Eligible
3.0,data-scientist,0.85,0.65,7.71,1.0,0.5,0.701,0.448,3.0,2.0,78.7,2,Eligible
4.0,web-developer,0.85,0.75,7.78,1.5,1.5,0.491,0.542,1.0,2.0,71.7,2,Eligible
5.0,software-developer,0.45,0.65,6.12,0.0,0.0,0.204,0.223,0.0,0.0,36.3,0,Foundational / Action Required
1.0,data-analyst,0.92,0.75,9.23,4.0,3.0,0.964,0.701,2.0,4.0,99.0,3,Highly Eligible
1.0,data-analyst,0.85,0.65,8.66,2.0,2.0,0.512,0.41,1.0,3.0,74.9,2,Eligible
1.0,data-analyst,0.85,1.0,8.16,4.0,3.0,0.878,0.9,3.0,2.0,92.1,3,Highly Eligible
0.0,python-developer,0.85,1.0,7.22,0.5,0.25,0.35,0.6,3.0,2.0,64.5,1,Partially Eligible
4.0,web-developer,0.65,1.0,5.36,0.0,0.0,0.029,0.133,1.0,1.0,39.0,0,Foundational / Action Required
3.0,data-scientist,0.85,0.75,8.66,3.0,1.5,0.766,0.696,5.0,1.0,86.6,3,Highly Eligible
4.0,web-developer,0.85,1.0,7.8,2.0,2.0,0.717,0.608,3.0,1.0,83.9,3,Highly Eligible
5.0,software-developer,0.85,1.0,7.55,0.5,0.25,0.388,0.228,1.0,1.0,62.8,1,Partially Eligible
1.0,data-analyst,0.92,1.0,7.55,0.5,0.5,0.35,0.273,2.0,2.0,66.9,1,Partially Eligible
3.0,data-scientist,0.92,1.0,7.84,0.0,0.0,0.499,0.347,2.0,2.0,67.2,1,Partially Eligible
4.0,web-developer,0.92,1.0,7.81,0.0,0.0,0.602,0.184,2.0,2.0,70.6,2,Eligible
1.0,data-analyst,0.85,1.0,7.58,2.0,2.0,0.493,0.461,2.0,2.0,72.9,2,Eligible
1.0,data-analyst,0.85,1.0,7.59,0.0,0.0,0.422,0.405,2.0,1.0,57.1,1,Partially Eligible
3.0,data-scientist,0.85,0.65,8.07,1.0,0.5,0.666,0.393,2.0,1.0,67.3,1,Partially Eligible
5.0,software-developer,0.85,0.35,7.53,0.0,0.0,0.185,0.126,0.0,0.0,44.7,0,Foundational / Action Required
2.0,machine-learning-engineer,0.92,1.0,8.79,4.0,2.0,0.994,0.802,3.0,2.0,99.0,3,Highly Eligible
3.0,data-scientist,0.65,0.75,8.73,1.5,0.75,0.538,0.254,3.0,3.0,74.5,2,Eligible
2.0,machine-learning-engineer,0.85,1.0,8.09,3.0,1.5,0.775,0.733,4.0,3.0,95.1,3,Highly Eligible
5.0,software-developer,0.85,0.75,7.98,2.0,1.0,0.736,0.582,2.0,1.0,79.9,2,Eligible
0.0,python-developer,0.85,1.0,7.56,5.0,2.5,0.626,0.847,3.0,2.0,75.4,2,Eligible
3.0,data-scientist,0.85,1.0,7.09,2.0,1.0,0.686,0.181,2.0,1.0,80.2,2,Eligible
2.0,machine-learning-engineer,0.85,1.0,8.2,2.0,1.0,0.717,0.285,3.0,1.0,86.0,3,Highly Eligible
5.0,software-developer,0.85,0.75,7.0,4.0,2.0,0.886,0.838,4.0,3.0,94.8,3,Highly Eligible
4.0,web-developer,0.92,1.0,7.55,0.0,0.0,0.714,0.368,1.0,1.0,72.0,2,Eligible
1.0,data-analyst,0.85,0.75,7.17,1.0,1.0,0.671,0.503,2.0,2.0,77.4,2,Eligible
0.0,python-developer,0.65,1.0,7.76,1.0,0.5,0.559,0.619,4.0,1.0,68.7,2,Eligible
3.0,data-scientist,0.85,1.0,7.65,3.0,1.5,0.867,0.604,3.0,3.0,93.6,3,Highly Eligible
2.0,machine-learning-engineer,0.92,1.0,10.0,6.0,3.0,1.0,1.0,4.0,2.0,99.0,3,Highly Eligible
4.0,web-developer,0.65,0.35,5.02,0.0,0.0,0.258,0.214,0.0,0.0,36.4,0,Foundational / Action Required
2.0,machine-learning-engineer,0.92,1.0,8.46,1.0,0.5,0.8,0.419,1.0,0.0,84.3,3,Highly Eligible
5.0,software-developer,0.92,1.0,8.43,4.0,2.0,0.909,0.506,3.0,2.0,96.5,3,Highly Eligible
3.0,data-scientist,0.85,1.0,7.01,1.5,0.75,0.506,0.15,3.0,1.0,75.2,2,Eligible
5.0,software-developer,0.85,0.65,8.38,1.0,0.5,0.627,0.529,2.0,1.0,72.0,2,Eligible
2.0,machine-learning-engineer,0.92,1.0,8.96,5.0,2.5,1.0,0.861,4.0,2.0,99.0,3,Highly Eligible
3.0,data-scientist,0.92,1.0,6.44,2.0,1.0,0.85,0.448,1.0,3.0,95.7,3,Highly Eligible
2.0,machine-learning-engineer,0.85,1.0,6.74,2.0,1.0,0.697,0.241,2.0,2.0,80.9,2,Eligible
1.0,data-analyst,1.0,1.0,9.05,4.0,3.0,0.86,0.861,6.0,2.0,99.0,3,Highly Eligible
3.0,data-scientist,0.85,0.75,6.54,1.5,0.75,0.85,0.15,1.0,1.0,80.8,2,Eligible
3.0,data-scientist,0.85,0.75,9.37,0.0,0.0,0.562,0.317,2.0,2.0,74.1,2,Eligible
0.0,python-developer,0.85,1.0,9.04,0.0,0.0,0.48,0.177,2.0,0.0,61.7,1,Partially Eligible
1.0,data-analyst,0.85,1.0,6.27,2.0,2.0,0.832,0.565,1.0,1.0,86.3,3,Highly Eligible
3.0,data-scientist,0.85,1.0,8.98,3.0,1.5,0.835,0.499,4.0,3.0,98.0,3,Highly Eligible
4.0,web-developer,0.65,0.65,6.33,0.0,0.0,0.08,0.0,1.0,0.0,32.4,0,Foundational / Action Required
2.0,machine-learning-engineer,0.65,1.0,7.2,1.5,0.75,0.68,0.15,3.0,1.0,72.5,2,Eligible
4.0,web-developer,0.85,1.0,6.23,0.0,0.0,0.434,0.107,0.0,0.0,53.8,1,Partially Eligible
2.0,machine-learning-engineer,0.85,0.75,8.61,0.0,0.0,0.641,0.272,1.0,0.0,65.8,1,Partially Eligible
5.0,software-developer,0.85,1.0,6.86,2.0,1.0,0.561,0.643,2.0,2.0,74.7,2,Eligible
2.0,machine-learning-engineer,1.0,1.0,9.5,4.0,2.0,1.0,0.792,3.0,3.0,99.0,3,Highly Eligible
0.0,python-developer,0.65,0.65,6.06,0.5,0.25,0.175,0.158,0.0,0.0,40.6,0,Foundational / Action Required
5.0,software-developer,0.85,0.65,6.88,2.5,1.25,0.542,0.386,2.0,1.0,69.8,2,Eligible
3.0,data-scientist,0.85,1.0,8.35,2.0,1.0,0.4,0.15,2.0,2.0,75.1,2,Eligible
2.0,machine-learning-engineer,0.85,1.0,8.08,3.0,1.5,0.975,0.9,5.0,2.0,97.3,3,Highly Eligible
0.0,python-developer,0.85,0.75,9.17,0.0,0.0,0.8,0.511,1.0,0.0,75.2,2,Eligible
4.0,web-developer,0.92,1.0,8.86,5.0,3.0,1.0,0.886,5.0,4.0,99.0,3,Highly Eligible
5.0,software-developer,0.85,0.75,8.18,1.0,0.5,0.786,0.424,2.0,1.0,78.2,2,Eligible
5.0,software-developer,0.85,0.75,7.97,3.0,1.5,0.726,0.676,3.0,1.0,88.8,3,Highly Eligible
0.0,python-developer,0.85,0.65,8.0,0.0,0.0,0.213,0.0,1.0,0.0,49.2,0,Foundational / Action Required
4.0,web-developer,0.85,1.0,8.92,3.0,3.0,0.643,0.863,5.0,1.0,81.5,2,Eligible
5.0,software-developer,1.0,1.0,8.77,4.0,2.0,1.0,0.772,4.0,2.0,99.0,3,Highly Eligible
3.0,data-scientist,0.65,0.75,5.63,0.0,0.0,0.23,0.093,1.0,0.0,35.8,0,Foundational / Action Required
2.0,machine-learning-engineer,0.85,0.65,6.0,0.0,0.0,0.25,0.064,0.0,0.0,41.2,0,Foundational / Action Required
1.0,data-analyst,0.45,0.35,5.7,0.5,0.5,0.24,0.067,2.0,0.0,42.5,0,Foundational / Action Required
4.0,web-developer,0.65,0.35,7.79,0.0,0.0,0.078,0.009,0.0,0.0,36.5,0,Foundational / Action Required
2.0,machine-learning-engineer,0.85,1.0,7.59,4.0,2.0,0.719,0.35,3.0,2.0,84.2,3,Highly Eligible
1.0,data-analyst,0.85,1.0,7.98,0.0,0.0,0.482,0.388,3.0,2.0,66.7,1,Partially Eligible
5.0,software-developer,0.65,0.65,6.84,0.0,0.0,0.132,0.157,1.0,1.0,40.1,0,Foundational / Action Required
1.0,data-analyst,0.65,0.65,6.51,0.0,0.0,0.135,0.039,1.0,0.0,36.1,0,Foundational / Action Required
4.0,web-developer,0.85,1.0,7.73,4.0,3.0,0.689,0.554,4.0,4.0,95.2,3,Highly Eligible
2.0,machine-learning-engineer,0.92,1.0,8.51,5.0,2.5,0.722,0.9,3.0,3.0,92.2,3,Highly Eligible
5.0,software-developer,0.85,1.0,6.5,0.0,0.0,0.77,0.225,1.0,0.0,70.5,2,Eligible
5.0,software-developer,0.85,0.75,7.83,1.5,0.75,0.531,0.403,2.0,0.0,66.4,1,Partially Eligible
5.0,software-developer,0.65,0.65,8.02,1.5,0.75,0.508,0.469,2.0,1.0,57.7,1,Partially Eligible
5.0,software-developer,0.92,1.0,8.52,4.0,2.0,0.855,0.939,6.0,2.0,96.7,3,Highly Eligible
1.0,data-analyst,0.85,1.0,6.54,1.5,1.5,0.557,0.635,3.0,0.0,71.6,2,Eligible
5.0,software-developer,0.85,0.65,8.0,0.5,0.25,0.405,0.077,0.0,1.0,57.3,1,Partially Eligible
0.0,python-developer,1.0,1.0,9.51,6.0,3.0,0.882,0.854,6.0,3.0,99.0,3,Highly Eligible
5.0,software-developer,0.65,0.35,5.24,0.0,0.0,0.44,0.102,0.0,1.0,51.8,0,Foundational / Action Required
5.0,software-developer,0.45,0.75,7.15,0.0,0.0,0.123,0.102,0.0,0.0,31.5,0,Foundational / Action Required
0.0,python-developer,0.92,1.0,8.0,2.0,1.0,0.521,0.574,2.0,1.0,75.8,2,Eligible
2.0,machine-learning-engineer,0.85,0.75,6.52,1.0,0.5,0.689,0.635,2.0,1.0,71.4,2,Eligible
3.0,data-scientist,0.85,1.0,9.18,0.5,0.25,0.35,0.448,2.0,2.0,66.4,1,Partially Eligible
0.0,python-developer,0.92,1.0,7.24,0.5,0.25,0.73,0.325,2.0,0.0,75.8,2,Eligible
4.0,web-developer,0.92,1.0,8.71,5.0,3.0,0.814,0.821,6.0,4.0,98.4,3,Highly Eligible
2.0,machine-learning-engineer,0.85,0.65,6.78,0.0,0.0,0.16,0.176,0.0,0.0,40.0,0,Foundational / Action Required
5.0,software-developer,0.85,1.0,8.48,4.0,2.0,0.62,0.545,5.0,2.0,86.3,3,Highly Eligible
1.0,data-analyst,0.85,1.0,6.95,2.0,2.0,0.591,0.15,1.0,2.0,75.8,2,Eligible
0.0,python-developer,0.85,1.0,8.65,2.0,1.0,0.643,0.9,5.0,2.0,86.0,3,Highly Eligible
2.0,machine-learning-engineer,0.85,1.0,7.32,5.0,2.5,0.69,0.633,3.0,1.0,82.1,3,Highly Eligible
2.0,machine-learning-engineer,0.85,0.75,7.69,2.0,1.0,0.551,0.544,2.0,2.0,75.8,2,Eligible
5.0,software-developer,0.85,1.0,8.12,0.0,0.0,0.622,0.317,3.0,0.0,65.9,1,Partially Eligible
3.0,data-scientist,0.85,1.0,8.22,3.0,1.5,0.894,0.671,4.0,3.0,99.0,3,Highly Eligible
1.0,data-analyst,0.85,0.35,6.47,0.0,0.0,0.209,0.002,0.0,0.0,40.9,0,Foundational / Action Required
1.0,data-analyst,0.92,0.75,8.46,1.0,1.0,0.722,0.322,2.0,1.0,74.7,2,Eligible
1.0,data-analyst,0.85,1.0,7.68,2.0,2.0,0.706,0.544,4.0,1.0,81.0,2,Eligible
4.0,web-developer,0.85,0.75,8.25,3.0,3.0,0.81,0.5,3.0,2.0,94.3,3,Highly Eligible
2.0,machine-learning-engineer,0.85,1.0,6.94,1.0,0.5,0.608,0.14,2.0,2.0,75.8,2,Eligible
4.0,web-developer,0.65,0.65,6.83,0.0,0.0,0.149,0.185,1.0,1.0,40.7,0,Foundational / Action Required
4.0,web-developer,0.85,1.0,7.07,1.5,1.5,0.626,0.436,2.0,3.0,82.8,3,Highly Eligible
2.0,machine-learning-engineer,0.65,0.35,7.68,0.0,0.0,0.291,0.135,0.0,0.0,45.2,0,Foundational / Action Required
1.0,data-analyst,0.85,0.75,6.0,1.5,1.5,0.785,0.332,1.0,0.0,79.4,2,Eligible
2.0,machine-learning-engineer,1.0,1.0,8.63,4.0,2.0,0.779,0.718,3.0,2.0,93.7,3,Highly Eligible
3.0,data-scientist,0.45,0.75,6.75,0.0,0.0,0.265,0.036,1.0,0.0,34.4,0,Foundational / Action Required
2.0,machine-learning-engineer,0.92,1.0,9.06,3.0,1.5,1.0,0.878,4.0,3.0,99.0,3,Highly Eligible
5.0,software-developer,0.65,1.0,6.3,0.5,0.25,0.149,0.193,0.0,0.0,37.9,0,Foundational / Action Required
2.0,machine-learning-engineer,0.85,0.75,8.6,0.0,0.0,0.678,0.159,1.0,2.0,75.1,2,Eligible
0.0,python-developer,0.85,0.65,7.45,2.0,1.0,0.521,0.15,3.0,0.0,68.9,2,Eligible
3.0,data-scientist,0.85,1.0,7.38,0.0,0.0,0.481,0.379,3.0,0.0,65.9,1,Partially Eligible
0.0,python-developer,0.65,0.65,7.39,0.0,0.0,0.272,0.086,0.0,0.0,44.9,0,Foundational / Action Required
1.0,data-analyst,0.45,0.35,5.78,0.0,0.0,0.171,0.213,1.0,0.0,39.0,0,Foundational / Action Required
1.0,data-analyst,0.45,0.35,6.88,0.0,0.0,0.28,0.123,0.0,0.0,39.0,0,Foundational / Action Required
5.0,software-developer,0.85,1.0,8.79,0.0,0.0,0.724,0.595,1.0,0.0,73.2,2,Eligible
5.0,software-developer,0.85,1.0,7.16,4.0,2.0,0.6,0.743,3.0,2.0,83.2,3,Highly Eligible
5.0,software-developer,0.92,1.0,7.46,1.5,0.75,0.459,0.334,2.0,0.0,66.7,1,Partially Eligible
3.0,data-scientist,0.92,1.0,8.85,3.0,1.5,0.781,0.723,2.0,1.0,88.6,3,Highly Eligible
4.0,web-developer,0.45,0.75,7.14,0.0,0.0,0.091,0.121,0.0,0.0,32.4,0,Foundational / Action Required
2.0,machine-learning-engineer,0.85,1.0,9.05,0.5,0.25,0.41,0.276,2.0,0.0,62.1,1,Partially Eligible
0.0,python-developer,0.85,0.75,7.13,1.5,0.75,0.741,0.355,3.0,0.0,77.5,2,Eligible
3.0,data-scientist,0.85,0.75,6.26,0.5,0.25,0.148,0.154,0.0,0.0,40.1,0,Foundational / Action Required
0.0,python-developer,0.85,1.0,8.61,0.0,0.0,0.771,0.248,2.0,0.0,74.5,2,Eligible
2.0,machine-learning-engineer,0.85,1.0,8.07,0.0,0.0,0.47,0.55,2.0,0.0,60.1,1,Partially Eligible
4.0,web-developer,0.85,1.0,8.28,4.0,3.0,0.722,0.451,4.0,3.0,90.7,3,Highly Eligible
0.0,python-developer,0.92,1.0,8.0,4.0,2.0,0.928,0.707,4.0,3.0,99.0,3,Highly Eligible
3.0,data-scientist,0.92,1.0,9.21,4.0,2.0,0.782,0.642,4.0,2.0,92.5,3,Highly Eligible
2.0,machine-learning-engineer,0.92,1.0,7.15,0.0,0.0,0.68,0.417,1.0,0.0,65.5,1,Partially Eligible
5.0,software-developer,0.65,0.65,5.21,0.0,0.0,0.239,0.082,1.0,1.0,43.6,0,Foundational / Action Required
5.0,software-developer,0.92,1.0,7.84,1.0,0.5,0.503,0.691,2.0,0.0,64.6,1,Partially Eligible
5.0,software-developer,0.85,1.0,7.86,0.0,0.0,0.761,0.288,1.0,0.0,73.7,2,Eligible
2.0,machine-learning-engineer,0.85,0.75,7.22,3.0,1.5,0.794,0.35,2.0,1.0,78.4,2,Eligible
4.0,web-developer,0.92,0.75,9.22,3.0,3.0,0.892,0.825,5.0,1.0,96.9,3,Highly Eligible
3.0,data-scientist,0.45,0.75,6.78,0.0,0.0,0.365,0.006,0.0,0.0,40.1,0,Foundational / Action Required
5.0,software-developer,0.85,0.35,5.65,0.5,0.25,0.184,0.19,0.0,1.0,46.7,0,Foundational / Action Required
2.0,machine-learning-engineer,0.85,1.0,7.65,2.0,1.0,0.628,0.889,4.0,1.0,81.9,2,Eligible
0.0,python-developer,0.85,1.0,7.47,0.5,0.25,0.403,0.286,2.0,0.0,60.0,1,Partially Eligible
5.0,software-developer,0.92,1.0,9.21,3.0,1.5,0.792,0.757,4.0,2.0,96.4,3,Highly Eligible
1.0,data-analyst,0.85,0.75,6.01,1.0,1.0,0.605,0.261,3.0,1.0,75.2,2,Eligible
3.0,data-scientist,0.92,0.65,8.54,1.5,0.75,0.6,0.273,3.0,2.0,75.0,2,Eligible
0.0,python-developer,0.45,0.35,5.88,0.0,0.0,0.095,0.068,2.0,0.0,32.7,0,Foundational / Action Required
4.0,web-developer,0.85,1.0,8.53,0.0,0.0,0.651,0.303,1.0,1.0,74.6,2,Eligible
4.0,web-developer,0.92,1.0,8.14,5.0,3.0,0.795,0.651,3.0,2.0,91.8,3,Highly Eligible
2.0,machine-learning-engineer,0.65,0.75,6.44,0.0,0.0,0.157,0.0,0.0,1.0,39.4,0,Foundational / Action Required
4.0,web-developer,0.85,1.0,7.7,0.0,0.0,0.454,0.464,2.0,1.0,61.2,1,Partially Eligible
1.0,data-analyst,0.92,1.0,8.38,3.0,3.0,0.829,0.871,4.0,3.0,99.0,3,Highly Eligible
5.0,software-developer,0.65,0.75,5.21,0.0,0.0,0.261,0.168,0.0,0.0,35.4,0,Foundational / Action Required
0.0,python-developer,0.92,0.75,8.31,4.0,2.0,0.89,0.634,4.0,1.0,94.8,3,Highly Eligible
5.0,software-developer,0.65,0.75,6.73,0.0,0.0,0.295,0.214,0.0,0.0,41.6,0,Foundational / Action Required
3.0,data-scientist,0.92,1.0,9.17,0.5,0.25,0.634,0.328,1.0,1.0,70.7,2,Eligible
5.0,software-developer,0.85,1.0,8.15,1.0,0.5,0.35,0.348,2.0,0.0,61.3,1,Partially Eligible
2.0,machine-learning-engineer,0.92,1.0,8.73,0.0,0.0,0.678,0.333,1.0,2.0,80.1,2,Eligible
5.0,software-developer,0.92,1.0,8.84,0.0,0.0,0.482,0.218,3.0,0.0,65.6,1,Partially Eligible
3.0,data-scientist,0.85,1.0,9.21,4.0,2.0,0.846,0.9,4.0,3.0,99.0,3,Highly Eligible
0.0,python-developer,0.85,1.0,8.06,3.0,1.5,0.793,0.63,4.0,1.0,88.6,3,Highly Eligible
1.0,data-analyst,0.85,0.75,8.35,1.0,1.0,0.35,0.267,1.0,1.0,60.2,1,Partially Eligible
0.0,python-developer,0.65,0.35,7.02,0.0,0.0,0.259,0.135,2.0,0.0,47.7,0,Foundational / Action Required
0.0,python-developer,0.85,0.75,6.0,1.5,0.75,0.579,0.471,1.0,1.0,70.4,2,Eligible
2.0,machine-learning-engineer,0.85,0.35,7.64,0.0,0.0,0.184,0.067,0.0,0.0,41.1,0,Foundational / Action Required
3.0,data-scientist,1.0,1.0,8.36,4.0,2.0,0.84,0.861,4.0,3.0,99.0,3,Highly Eligible
0.0,python-developer,0.85,1.0,8.22,1.5,0.75,0.566,0.429,4.0,0.0,74.0,2,Eligible
0.0,python-developer,0.85,1.0,8.35,0.0,0.0,0.574,0.146,3.0,2.0,73.7,2,Eligible
1.0,data-analyst,0.85,1.0,6.8,2.0,2.0,0.804,0.409,2.0,0.0,83.0,3,Highly Eligible
4.0,web-developer,0.85,0.75,7.56,1.0,1.0,0.586,0.75,3.0,1.0,76.7,2,Eligible
1.0,data-analyst,0.92,1.0,7.98,0.0,0.0,0.589,0.372,3.0,2.0,74.8,2,Eligible
3.0,data-scientist,0.92,1.0,8.28,5.0,2.5,1.0,0.819,6.0,3.0,99.0,3,Highly Eligible
3.0,data-scientist,0.85,1.0,8.41,0.0,0.0,0.51,0.472,1.0,2.0,73.5,2,Eligible
2.0,machine-learning-engineer,0.92,1.0,7.41,2.0,1.0,0.617,0.534,3.0,0.0,78.3,2,Eligible
5.0,software-developer,1.0,1.0,9.5,4.0,2.0,0.83,0.5,4.0,3.0,99.0,3,Highly Eligible
5.0,software-developer,0.85,1.0,6.8,0.0,0.0,0.238,0.12,0.0,1.0,45.8,0,Foundational / Action Required
5.0,software-developer,0.85,0.35,6.23,0.0,0.0,0.237,0.002,1.0,0.0,48.7,0,Foundational / Action Required
4.0,web-developer,0.85,0.65,6.51,0.0,0.0,0.409,0.004,0.0,0.0,50.7,0,Foundational / Action Required
3.0,data-scientist,0.85,1.0,7.91,0.0,0.0,0.496,0.318,1.0,2.0,66.7,1,Partially Eligible
4.0,web-developer,0.85,0.75,8.02,4.0,3.0,1.0,0.676,2.0,3.0,99.0,3,Highly Eligible
5.0,software-developer,0.92,1.0,8.44,4.0,2.0,1.0,0.833,5.0,4.0,99.0,3,Highly Eligible
5.0,software-developer,0.45,0.65,6.87,0.0,0.0,0.068,0.159,0.0,0.0,33.7,0,Foundational / Action Required
1.0,data-analyst,0.92,1.0,6.79,2.0,2.0,0.51,0.314,2.0,0.0,72.6,2,Eligible
3.0,data-scientist,0.92,1.0,8.52,5.0,2.5,1.0,0.611,5.0,3.0,99.0,3,Highly Eligible
5.0,software-developer,0.85,1.0,9.27,1.0,0.5,0.371,0.352,2.0,1.0,61.5,1,Partially Eligible
0.0,python-developer,0.85,1.0,8.17,0.0,0.0,0.575,0.399,1.0,1.0,68.5,2,Eligible
3.0,data-scientist,0.92,1.0,8.26,3.0,1.5,0.822,0.35,2.0,3.0,96.7,3,Highly Eligible
4.0,web-developer,0.92,1.0,7.0,2.0,2.0,0.842,0.496,2.0,3.0,94.6,3,Highly Eligible
3.0,data-scientist,0.85,0.65,5.06,0.5,0.25,0.32,0.0,1.0,0.0,48.1,0,Foundational / Action Required
2.0,machine-learning-engineer,0.65,0.65,6.15,0.0,0.0,0.01,0.248,0.0,0.0,36.8,0,Foundational / Action Required
0.0,python-developer,0.45,0.35,8.0,0.5,0.25,0.0,0.117,0.0,0.0,33.1,0,Foundational / Action Required
5.0,software-developer,0.85,0.75,7.6,2.0,1.0,0.957,0.525,4.0,1.0,88.9,3,Highly Eligible
2.0,machine-learning-engineer,0.85,1.0,8.07,0.5,0.25,0.637,0.128,3.0,2.0,72.6,2,Eligible
1.0,data-analyst,0.85,1.0,7.79,0.0,0.0,0.65,0.495,2.0,1.0,74.2,2,Eligible
3.0,data-scientist,1.0,1.0,8.57,5.0,2.5,1.0,0.697,5.0,3.0,99.0,3,Highly Eligible
3.0,data-scientist,0.85,1.0,9.2,1.0,0.5,0.416,0.558,2.0,1.0,68.4,2,Eligible
1.0,data-analyst,0.85,1.0,6.85,1.5,1.5,0.84,0.279,3.0,0.0,83.8,3,Highly Eligible
2.0,machine-learning-engineer,1.0,1.0,9.56,3.0,1.5,0.896,0.938,4.0,3.0,99.0,3,Highly Eligible
0.0,python-developer,0.85,0.35,5.69,0.0,0.0,0.287,0.0,1.0,0.0,47.6,0,Foundational / Action Required
5.0,software-developer,0.85,0.75,8.82,0.0,0.0,0.482,0.314,2.0,1.0,62.2,1,Partially Eligible
2.0,machine-learning-engineer,0.92,0.75,6.62,0.0,0.0,0.378,0.352,3.0,0.0,58.3,1,Partially Eligible
4.0,web-developer,0.45,0.35,5.99,0.0,0.0,0.165,0.018,0.0,1.0,35.5,0,Foundational / Action Required
5.0,software-developer,0.85,1.0,6.94,0.0,0.0,0.487,0.1,1.0,0.0,62.8,1,Partially Eligible
2.0,machine-learning-engineer,0.85,1.0,8.95,3.0,1.5,0.797,0.771,4.0,1.0,89.7,3,Highly Eligible
0.0,python-developer,0.85,0.75,8.0,0.0,0.0,0.414,0.286,0.0,1.0,55.4,1,Partially Eligible
3.0,data-scientist,0.92,1.0,8.12,4.0,2.0,0.662,0.449,4.0,3.0,94.5,3,Highly Eligible
2.0,machine-learning-engineer,0.65,0.75,8.0,0.0,0.0,0.275,0.01,0.0,0.0,44.0,0,Foundational / Action Required
1.0,data-analyst,0.85,1.0,7.45,0.0,0.0,0.032,0.146,0.0,0.0,46.3,0,Foundational / Action Required
0.0,python-developer,0.85,1.0,8.33,4.0,2.0,0.907,0.501,4.0,3.0,98.5,3,Highly Eligible
3.0,data-scientist,0.85,0.75,8.0,0.0,0.0,0.206,0.202,0.0,0.0,46.5,0,Foundational / Action Required
0.0,python-developer,0.45,0.35,5.43,0.5,0.25,0.019,0.02,1.0,0.0,37.2,0,Foundational / Action Required
5.0,software-developer,0.65,0.65,6.11,0.0,0.0,0.367,0.11,0.0,0.0,46.2,0,Foundational / Action Required
1.0,data-analyst,0.92,0.75,6.0,1.5,1.5,0.648,0.15,1.0,1.0,76.9,2,Eligible
5.0,software-developer,0.85,0.65,6.25,0.5,0.25,0.354,0.3,0.0,0.0,49.7,0,Foundational / Action Required
5.0,software-developer,0.85,0.65,7.4,1.0,0.5,0.85,0.463,3.0,0.0,73.2,2,Eligible
4.0,web-developer,0.92,1.0,8.55,0.0,0.0,0.478,0.416,3.0,0.0,65.8,1,Partially Eligible
0.0,python-developer,0.65,0.35,6.45,0.5,0.25,0.168,0.103,0.0,0.0,42.2,0,Foundational / Action Required
0.0,python-developer,0.85,1.0,7.13,0.0,0.0,0.648,0.469,2.0,0.0,69.3,2,Eligible
2.0,machine-learning-engineer,0.85,1.0,8.12,1.5,0.75,0.811,0.15,1.0,1.0,85.5,3,Highly Eligible
1.0,data-analyst,1.0,1.0,8.55,4.0,3.0,0.855,0.958,4.0,4.0,99.0,3,Highly Eligible
1.0,data-analyst,0.92,0.75,8.46,0.0,0.0,0.719,0.6,1.0,2.0,75.8,2,Eligible
4.0,web-developer,0.45,0.65,6.27,0.5,0.5,0.219,0.108,0.0,0.0,39.8,0,Foundational / Action Required
1.0,data-analyst,0.85,1.0,7.39,0.0,0.0,0.435,0.1,2.0,1.0,61.4,1,Partially Eligible
0.0,python-developer,0.92,1.0,8.4,3.0,1.5,0.975,0.793,5.0,2.0,99.0,3,Highly Eligible
4.0,web-developer,0.85,1.0,8.33,2.0,2.0,0.606,0.383,2.0,2.0,81.4,2,Eligible
1.0,data-analyst,0.85,0.35,6.86,0.0,0.0,0.347,0.298,1.0,0.0,50.8,0,Foundational / Action Required
4.0,web-developer,0.85,1.0,8.37,4.0,3.0,0.643,0.671,3.0,3.0,83.5,3,Highly Eligible
1.0,data-analyst,0.92,1.0,8.65,1.5,1.5,0.73,0.681,4.0,1.0,85.0,3,Highly Eligible
1.0,data-analyst,0.85,1.0,8.0,0.0,0.0,0.43,0.1,2.0,2.0,69.2,2,Eligible
2.0,machine-learning-engineer,0.92,1.0,8.5,3.0,1.5,1.0,0.774,3.0,4.0,99.0,3,Highly Eligible
1.0,data-analyst,0.85,1.0,7.85,2.5,2.5,0.636,0.51,3.0,0.0,77.2,2,Eligible
4.0,web-developer,0.85,1.0,8.57,1.0,1.0,0.4,0.315,2.0,2.0,71.1,2,Eligible
0.0,python-developer,0.85,0.75,8.02,0.0,0.0,0.393,0.286,1.0,1.0,57.8,1,Partially Eligible
2.0,machine-learning-engineer,0.65,1.0,8.0,1.0,0.5,0.715,0.707,1.0,2.0,78.2,2,Eligible
1.0,data-analyst,1.0,1.0,9.27,5.0,3.0,0.978,0.922,5.0,3.0,99.0,3,Highly Eligible
1.0,data-analyst,0.92,0.75,8.11,0.5,0.5,0.56,0.284,2.0,0.0,63.4,1,Partially Eligible
4.0,web-developer,0.85,1.0,7.59,0.0,0.0,0.686,0.534,3.0,0.0,75.3,2,Eligible
2.0,machine-learning-engineer,0.85,1.0,8.22,2.0,1.0,0.697,0.654,4.0,3.0,85.6,3,Highly Eligible
1.0,data-analyst,0.85,0.75,7.64,1.0,1.0,0.665,0.501,2.0,0.0,69.9,2,Eligible
0.0,python-developer,0.92,1.0,8.18,5.0,2.5,0.728,0.587,2.0,2.0,89.3,3,Highly Eligible
5.0,software-developer,0.85,1.0,7.61,0.5,0.25,0.524,0.418,1.0,0.0,64.3,1,Partially Eligible
0.0,python-developer,0.85,0.75,6.82,2.0,1.0,0.67,0.303,4.0,0.0,79.8,2,Eligible
1.0,data-analyst,0.85,1.0,6.94,0.0,0.0,0.699,0.109,1.0,2.0,74.4,2,Eligible
0.0,python-developer,0.85,0.65,7.32,1.0,0.5,0.4,0.465,1.0,1.0,59.9,1,Partially Eligible
2.0,machine-learning-engineer,1.0,1.0,8.38,4.0,2.0,0.912,0.966,5.0,3.0,99.0,3,Highly Eligible
1.0,data-analyst,0.92,1.0,8.77,3.0,3.0,0.699,0.789,4.0,4.0,92.3,3,Highly Eligible
4.0,web-developer,0.65,0.35,7.41,0.0,0.0,0.273,0.0,1.0,1.0,45.5,0,Foundational / Action Required
2.0,machine-learning-engineer,0.65,0.65,6.31,0.0,0.0,0.107,0.3,1.0,0.0,37.9,0,Foundational / Action Required
0.0,python-developer,0.92,1.0,8.87,5.0,2.5,0.785,0.35,5.0,3.0,95.5,3,Highly Eligible
1.0,data-analyst,1.0,1.0,8.54,4.0,3.0,0.941,0.833,5.0,2.0,99.0,3,Highly Eligible
2.0,machine-learning-engineer,0.85,0.75,7.54,0.5,0.25,0.706,0.437,2.0,1.0,76.2,2,Eligible
0.0,python-developer,0.85,1.0,8.89,0.0,0.0,0.541,0.394,2.0,0.0,72.4,2,Eligible
1.0,data-analyst,0.85,1.0,8.79,3.0,3.0,0.817,0.682,2.0,2.0,87.8,3,Highly Eligible
5.0,software-developer,0.65,0.35,7.1,0.0,0.0,0.194,0.17,0.0,0.0,40.5,0,Foundational / Action Required
3.0,data-scientist,0.85,1.0,8.11,1.5,0.75,0.668,0.75,2.0,1.0,80.5,2,Eligible
4.0,web-developer,0.85,1.0,8.24,0.0,0.0,0.58,0.234,3.0,1.0,72.1,2,Eligible
0.0,python-developer,0.92,1.0,8.64,2.0,1.0,0.804,0.671,3.0,3.0,94.9,3,Highly Eligible
5.0,software-developer,1.0,1.0,8.64,3.0,1.5,0.828,0.834,5.0,3.0,99.0,3,Highly Eligible
0.0,python-developer,0.85,0.75,6.69,0.5,0.25,0.25,0.172,0.0,1.0,53.6,1,Partially Eligible
3.0,data-scientist,0.85,0.65,7.9,1.0,0.5,0.4,0.427,1.0,2.0,60.0,1,Partially Eligible
3.0,data-scientist,0.85,0.65,6.9,2.0,1.0,0.4,0.27,3.0,0.0,64.6,1,Partially Eligible
2.0,machine-learning-engineer,1.0,1.0,9.89,6.0,3.0,0.965,0.916,6.0,3.0,99.0,3,Highly Eligible
4.0,web-developer,0.85,1.0,6.89,1.5,1.5,0.716,0.403,2.0,3.0,84.4,3,Highly Eligible
4.0,web-developer,0.85,0.75,7.91,2.0,2.0,0.769,0.477,3.0,1.0,79.0,2,Eligible
0.0,python-developer,1.0,1.0,9.01,6.0,3.0,0.923,0.737,4.0,2.0,99.0,3,Highly Eligible
3.0,data-scientist,0.45,0.35,6.05,0.0,0.0,0.399,0.164,2.0,0.0,47.7,0,Foundational / Action Required
4.0,web-developer,0.85,0.75,7.26,2.5,2.5,0.4,0.508,2.0,1.0,63.5,1,Partially Eligible
1.0,data-analyst,0.65,0.35,5.76,0.0,0.0,0.209,0.267,0.0,0.0,40.3,0,Foundational / Action Required
4.0,web-developer,0.65,0.65,7.85,0.5,0.5,0.173,0.039,1.0,0.0,45.2,0,Foundational / Action Required
0.0,python-developer,0.85,0.65,7.85,1.5,0.75,0.75,0.407,4.0,1.0,80.4,2,Eligible
5.0,software-developer,0.92,1.0,9.68,5.0,2.5,0.945,0.82,5.0,4.0,99.0,3,Highly Eligible
5.0,software-developer,0.92,1.0,8.03,4.0,2.0,0.637,0.361,3.0,2.0,85.9,3,Highly Eligible
4.0,web-developer,0.65,1.0,7.89,1.5,1.5,0.417,0.535,3.0,0.0,59.4,1,Partially Eligible
2.0,machine-learning-engineer,1.0,1.0,9.41,4.0,2.0,0.983,0.724,5.0,2.0,99.0,3,Highly Eligible
3.0,data-scientist,0.85,1.0,7.81,0.5,0.25,0.35,0.1,1.0,1.0,60.6,1,Partially Eligible
5.0,software-developer,0.85,0.65,7.15,1.5,0.75,0.405,0.631,2.0,1.0,62.1,1,Partially Eligible
0.0,python-developer,0.85,1.0,6.0,2.0,1.0,0.85,0.485,2.0,1.0,84.3,3,Highly Eligible
0.0,python-developer,0.92,1.0,8.05,3.0,1.5,0.987,0.719,2.0,2.0,97.1,3,Highly Eligible
3.0,data-scientist,0.85,1.0,9.2,2.0,1.0,0.85,0.75,3.0,1.0,89.7,3,Highly Eligible
3.0,data-scientist,0.85,1.0,8.0,0.5,0.25,0.476,0.1,2.0,0.0,64.6,1,Partially Eligible
3.0,data-scientist,0.92,0.75,7.81,2.0,1.0,0.723,0.786,4.0,2.0,89.1,3,Highly Eligible
5.0,software-developer,0.85,1.0,8.68,0.0,0.0,0.764,0.457,2.0,0.0,77.4,2,Eligible
0.0,python-developer,0.85,0.75,8.47,0.0,0.0,0.461,0.129,3.0,0.0,61.8,1,Partially Eligible
3.0,data-scientist,1.0,1.0,7.91,3.0,1.5,0.726,0.77,3.0,2.0,87.8,3,Highly Eligible
5.0,software-developer,0.92,1.0,9.47,4.0,2.0,0.986,0.537,5.0,3.0,99.0,3,Highly Eligible
3.0,data-scientist,0.85,0.75,8.05,2.0,1.0,0.659,0.32,4.0,1.0,82.9,3,Highly Eligible
0.0,python-developer,0.85,1.0,8.42,1.0,0.5,0.723,0.536,3.0,0.0,79.5,2,Eligible
0.0,python-developer,0.85,0.75,7.01,1.0,0.5,0.414,0.411,2.0,1.0,64.1,1,Partially Eligible
2.0,machine-learning-engineer,0.92,0.75,7.44,1.0,0.5,0.592,0.468,4.0,1.0,73.9,2,Eligible
4.0,web-developer,0.45,0.65,7.85,0.0,0.0,0.022,0.106,1.0,1.0,38.1,0,Foundational / Action Required
1.0,data-analyst,0.45,0.35,6.53,0.0,0.0,0.063,0.13,0.0,0.0,31.8,0,Foundational / Action Required
0.0,python-developer,0.65,0.65,6.39,0.0,0.0,0.268,0.0,0.0,0.0,41.3,0,Foundational / Action Required
1.0,data-analyst,0.65,0.65,6.25,1.0,1.0,0.194,0.225,0.0,0.0,43.4,0,Foundational / Action Required
2.0,machine-learning-engineer,0.85,0.75,8.57,0.0,0.0,0.506,0.392,3.0,1.0,63.3,1,Partially Eligible
4.0,web-developer,0.85,0.35,7.69,0.5,0.5,0.0,0.0,1.0,0.0,49.3,0,Foundational / Action Required
5.0,software-developer,0.92,1.0,9.19,3.0,1.5,0.904,0.99,4.0,3.0,99.0,3,Highly Eligible
4.0,web-developer,0.85,0.35,5.92,0.0,0.0,0.18,0.144,1.0,0.0,43.9,0,Foundational / Action Required
4.0,web-developer,0.92,1.0,10.0,4.0,3.0,1.0,0.754,4.0,4.0,99.0,3,Highly Eligible
5.0,software-developer,1.0,1.0,10.0,4.0,2.0,0.931,0.908,6.0,4.0,99.0,3,Highly Eligible
2.0,machine-learning-engineer,0.85,1.0,6.74,0.0,0.0,0.0,0.114,0.0,0.0,42.8,0,Foundational / Action Required
3.0,data-scientist,0.85,1.0,7.0,2.0,1.0,0.941,0.873,5.0,2.0,95.8,3,Highly Eligible
4.0,web-developer,0.85,1.0,8.08,0.0,0.0,0.606,0.222,2.0,1.0,71.1,2,Eligible
4.0,web-developer,0.92,1.0,7.62,1.0,1.0,0.624,0.663,1.0,0.0,73.5,2,Eligible
2.0,machine-learning-engineer,0.85,0.65,5.85,0.0,0.0,0.167,0.0,1.0,0.0,40.7,0,Foundational / Action Required
3.0,data-scientist,0.85,0.75,7.55,0.0,0.0,0.654,0.456,1.0,0.0,67.7,1,Partially Eligible
4.0,web-developer,0.92,1.0,7.8,3.0,3.0,0.842,0.642,2.0,2.0,91.4,3,Highly Eligible
4.0,web-developer,0.85,0.75,8.91,0.0,0.0,0.445,0.221,2.0,1.0,65.8,1,Partially Eligible
3.0,data-scientist,0.92,1.0,9.05,6.0,3.0,0.888,0.799,4.0,3.0,99.0,3,Highly Eligible
0.0,python-developer,0.85,1.0,7.58,1.5,0.75,0.85,0.279,2.0,0.0,87.5,3,Highly Eligible
5.0,software-developer,0.65,0.75,6.65,0.0,0.0,0.0,0.01,2.0,0.0,39.3,0,Foundational / Action Required
0.0,python-developer,0.85,1.0,8.43,0.0,0.0,0.415,0.347,2.0,2.0,68.2,2,Eligible
5.0,software-developer,1.0,1.0,9.01,5.0,2.5,0.833,1.0,3.0,4.0,99.0,3,Highly Eligible
5.0,software-developer,0.85,1.0,9.39,2.0,1.0,0.882,0.436,3.0,3.0,99.0,3,Highly Eligible
4.0,web-developer,0.85,1.0,8.57,4.0,3.0,0.894,0.503,5.0,2.0,95.6,3,Highly Eligible
5.0,software-developer,0.65,0.35,6.95,0.5,0.25,0.34,0.068,0.0,0.0,47.9,0,Foundational / Action Required
1.0,data-analyst,0.92,1.0,8.44,0.0,0.0,0.611,0.209,2.0,0.0,66.5,1,Partially Eligible
3.0,data-scientist,0.85,1.0,7.34,0.5,0.25,0.463,0.379,1.0,0.0,61.3,1,Partially Eligible
3.0,data-scientist,0.85,0.75,6.63,1.5,0.75,0.656,0.254,3.0,1.0,79.7,2,Eligible
1.0,data-analyst,0.85,1.0,7.71,0.0,0.0,0.699,0.302,2.0,0.0,69.1,2,Eligible
3.0,data-scientist,0.85,0.65,8.57,2.0,1.0,0.463,0.601,2.0,1.0,69.9,2,Eligible
2.0,machine-learning-engineer,0.65,0.35,6.09,0.5,0.25,0.368,0.185,0.0,0.0,49.0,0,Foundational / Action Required
3.0,data-scientist,1.0,1.0,9.65,3.0,1.5,0.858,0.578,3.0,2.0,99.0,3,Highly Eligible
3.0,data-scientist,0.85,1.0,7.43,0.5,0.25,0.409,0.1,2.0,2.0,64.5,1,Partially Eligible
3.0,data-scientist,0.65,0.65,7.37,1.0,0.5,0.113,0.0,1.0,0.0,40.6,0,Foundational / Action Required
5.0,software-developer,0.92,0.75,7.92,0.0,0.0,0.518,0.338,2.0,2.0,66.1,1,Partially Eligible
0.0,python-developer,0.92,0.75,7.5,0.0,0.0,0.8,0.21,1.0,0.0,74.6,2,Eligible
2.0,machine-learning-engineer,0.85,0.75,7.59,1.5,0.75,0.559,0.653,3.0,2.0,73.9,2,Eligible
3.0,data-scientist,0.85,0.35,5.0,0.0,0.0,0.149,0.148,2.0,0.0,44.4,0,Foundational / Action Required
2.0,machine-learning-engineer,0.65,1.0,9.06,1.5,0.75,0.67,0.522,1.0,0.0,70.7,2,Eligible
5.0,software-developer,0.85,0.35,6.31,0.0,0.0,0.141,0.047,2.0,1.0,46.4,0,Foundational / Action Required
2.0,machine-learning-engineer,0.85,1.0,7.45,0.0,0.0,0.419,0.1,3.0,1.0,62.2,1,Partially Eligible
2.0,machine-learning-engineer,0.85,1.0,7.83,2.0,1.0,0.4,0.28,3.0,3.0,78.4,2,Eligible
1.0,data-analyst,0.85,1.0,6.0,1.0,1.0,0.652,0.544,1.0,1.0,74.6,2,Eligible
5.0,software-developer,0.92,1.0,9.92,4.0,2.0,0.786,0.887,3.0,2.0,93.7,3,Highly Eligible
3.0,data-scientist,0.92,0.75,8.07,0.0,0.0,0.651,0.537,1.0,0.0,65.6,1,Partially Eligible
0.0,python-developer,0.92,1.0,9.5,0.0,0.0,0.646,0.416,2.0,1.0,76.7,2,Eligible
0.0,python-developer,1.0,1.0,8.35,5.0,2.5,1.0,0.573,4.0,3.0,99.0,3,Highly Eligible
0.0,python-developer,0.85,0.75,7.75,1.0,0.5,0.839,0.555,3.0,1.0,81.6,2,Eligible
0.0,python-developer,0.92,1.0,8.99,4.0,2.0,0.905,0.97,5.0,3.0,99.0,3,Highly Eligible
3.0,data-scientist,0.85,0.75,7.6,0.5,0.25,0.577,0.14,2.0,0.0,65.5,1,Partially Eligible
0.0,python-developer,0.92,1.0,8.32,0.0,0.0,0.442,0.328,2.0,2.0,72.8,2,Eligible
5.0,software-developer,0.85,1.0,9.33,4.0,2.0,0.841,0.77,4.0,3.0,99.0,3,Highly Eligible
5.0,software-developer,0.85,0.75,8.12,1.0,0.5,0.656,0.499,2.0,0.0,69.9,2,Eligible
2.0,machine-learning-engineer,0.92,1.0,6.96,2.0,1.0,0.7,0.579,2.0,0.0,78.3,2,Eligible
1.0,data-analyst,0.85,1.0,7.66,2.0,2.0,0.627,0.674,3.0,2.0,82.1,3,Highly Eligible
4.0,web-developer,0.85,1.0,8.2,2.5,2.5,0.51,0.736,3.0,1.0,74.6,2,Eligible
0.0,python-developer,0.92,0.75,8.31,1.0,0.5,0.667,0.46,3.0,2.0,79.0,2,Eligible
4.0,web-developer,0.65,0.75,5.03,0.0,0.0,0.01,0.251,0.0,0.0,35.7,0,Foundational / Action Required
4.0,web-developer,0.92,1.0,7.87,1.5,1.5,0.763,0.429,2.0,1.0,84.7,3,Highly Eligible
4.0,web-developer,0.92,1.0,6.0,1.0,1.0,0.457,0.247,4.0,1.0,72.1,2,Eligible
2.0,machine-learning-engineer,0.65,0.65,6.07,1.0,0.5,0.205,0.114,0.0,0.0,40.3,0,Foundational / Action Required
5.0,software-developer,0.85,0.75,7.47,0.0,0.0,0.35,0.22,1.0,1.0,55.3,1,Partially Eligible
0.0,python-developer,0.85,1.0,8.16,0.5,0.25,0.614,0.436,2.0,0.0,73.2,2,Eligible
3.0,data-scientist,0.92,0.75,7.57,1.5,0.75,0.85,0.424,2.0,2.0,80.5,2,Eligible
2.0,machine-learning-engineer,0.92,0.75,8.12,3.0,1.5,0.889,0.51,2.0,2.0,94.4,3,Highly Eligible
5.0,software-developer,0.85,1.0,9.05,5.0,2.5,0.902,0.468,3.0,2.0,95.3,3,Highly Eligible
3.0,data-scientist,0.85,1.0,8.71,4.0,2.0,0.933,0.734,4.0,2.0,99.0,3,Highly Eligible
5.0,software-developer,0.92,1.0,8.68,5.0,2.5,0.846,0.773,4.0,3.0,99.0,3,Highly Eligible
0.0,python-developer,0.92,0.75,7.57,0.0,0.0,0.499,0.252,3.0,0.0,64.3,1,Partially Eligible
2.0,machine-learning-engineer,0.85,0.75,8.89,2.0,1.0,0.85,0.538,2.0,2.0,91.3,3,Highly Eligible
4.0,web-developer,0.92,1.0,7.52,1.5,1.5,0.56,0.471,3.0,0.0,79.5,2,Eligible
2.0,machine-learning-engineer,0.45,0.65,5.61,0.0,0.0,0.344,0.007,1.0,0.0,45.7,0,Foundational / Action Required
2.0,machine-learning-engineer,0.85,1.0,8.82,4.0,2.0,0.889,0.55,3.0,3.0,96.6,3,Highly Eligible
0.0,python-developer,0.85,1.0,7.4,0.0,0.0,0.473,0.476,2.0,0.0,57.3,1,Partially Eligible
4.0,web-developer,0.45,0.65,6.61,0.0,0.0,0.092,0.045,0.0,0.0,30.8,0,Foundational / Action Required
4.0,web-developer,0.85,0.65,7.25,2.0,2.0,0.479,0.259,2.0,0.0,61.8,1,Partially Eligible
1.0,data-analyst,0.92,1.0,9.31,5.0,3.0,1.0,0.83,3.0,3.0,99.0,3,Highly Eligible
1.0,data-analyst,0.85,1.0,6.89,1.5,1.5,0.665,0.391,3.0,1.0,78.5,2,Eligible
5.0,software-developer,0.85,0.75,5.0,0.0,0.0,0.102,0.147,0.0,1.0,43.9,0,Foundational / Action Required
3.0,data-scientist,0.85,0.65,6.14,0.5,0.25,0.149,0.282,0.0,0.0,40.0,0,Foundational / Action Required
1.0,data-analyst,0.85,0.75,7.52,1.0,1.0,0.771,0.246,2.0,1.0,81.9,2,Eligible
0.0,python-developer,0.85,1.0,8.8,2.0,1.0,0.604,0.696,4.0,2.0,81.8,2,Eligible
2.0,machine-learning-engineer,0.85,1.0,7.65,0.0,0.0,0.36,0.252,3.0,1.0,67.2,1,Partially Eligible
4.0,web-developer,0.92,1.0,6.87,2.0,2.0,0.463,0.431,1.0,1.0,69.0,2,Eligible
2.0,machine-learning-engineer,0.45,0.35,5.35,0.0,0.0,0.359,0.006,2.0,0.0,42.8,0,Foundational / Action Required
0.0,python-developer,0.92,1.0,8.63,1.0,0.5,0.759,0.398,2.0,1.0,85.3,3,Highly Eligible
2.0,machine-learning-engineer,0.45,1.0,5.0,0.0,0.0,0.277,0.068,1.0,0.0,41.3,0,Foundational / Action Required
4.0,web-developer,0.85,0.35,5.7,0.0,0.0,0.187,0.0,1.0,0.0,40.4,0,Foundational / Action Required
1.0,data-analyst,0.85,1.0,7.93,2.0,2.0,0.815,0.827,3.0,4.0,91.2,3,Highly Eligible
3.0,data-scientist,1.0,1.0,9.28,5.0,2.5,0.881,0.809,3.0,3.0,99.0,3,Highly Eligible
4.0,web-developer,0.85,0.75,6.25,1.5,1.5,0.797,0.54,1.0,1.0,82.2,3,Highly Eligible
4.0,web-developer,0.85,1.0,6.68,2.5,2.5,0.563,0.546,1.0,1.0,70.7,2,Eligible
4.0,web-developer,0.85,1.0,8.14,0.0,0.0,0.372,0.266,2.0,1.0,59.4,1,Partially Eligible
5.0,software-developer,0.85,1.0,6.81,1.5,0.75,0.647,0.452,1.0,1.0,77.6,2,Eligible
5.0,software-developer,0.85,1.0,6.68,1.0,0.5,0.35,0.599,1.0,1.0,64.8,1,Partially Eligible
4.0,web-developer,0.85,1.0,7.86,1.5,1.5,0.676,0.159,2.0,2.0,83.2,3,Highly Eligible
0.0,python-developer,0.92,0.65,9.2,1.5,0.75,0.619,0.47,2.0,2.0,76.8,2,Eligible
4.0,web-developer,0.85,1.0,9.28,0.0,0.0,0.8,0.524,2.0,2.0,77.6,2,Eligible
5.0,software-developer,1.0,1.0,9.72,4.0,2.0,0.854,0.716,3.0,3.0,96.5,3,Highly Eligible
5.0,software-developer,0.92,0.75,7.45,1.0,0.5,0.643,0.75,1.0,0.0,69.6,2,Eligible
2.0,machine-learning-engineer,0.85,1.0,6.61,2.0,1.0,0.606,0.585,3.0,3.0,80.6,2,Eligible
0.0,python-developer,0.85,0.75,7.28,1.5,0.75,0.85,0.15,2.0,3.0,93.6,3,Highly Eligible
1.0,data-analyst,0.65,0.65,5.83,0.0,0.0,0.238,0.183,1.0,0.0,43.8,0,Foundational / Action Required
2.0,machine-learning-engineer,0.65,0.35,5.9,0.0,0.0,0.26,0.06,0.0,0.0,46.1,0,Foundational / Action Required
5.0,software-developer,0.85,0.75,8.36,0.0,0.0,0.648,0.491,2.0,0.0,70.4,2,Eligible
2.0,machine-learning-engineer,0.45,0.35,7.03,0.5,0.25,0.299,0.0,0.0,0.0,44.0,0,Foundational / Action Required
2.0,machine-learning-engineer,0.65,0.35,7.35,0.0,0.0,0.251,0.105,2.0,0.0,47.3,0,Foundational / Action Required
2.0,machine-learning-engineer,0.85,1.0,7.5,2.5,1.25,0.85,0.169,3.0,1.0,87.7,3,Highly Eligible
0.0,python-developer,0.85,1.0,7.63,0.0,0.0,0.598,0.313,2.0,1.0,71.4,2,Eligible
1.0,data-analyst,0.85,1.0,8.91,0.5,0.5,0.539,0.404,2.0,0.0,69.8,2,Eligible
1.0,data-analyst,0.85,0.75,7.61,4.0,3.0,0.803,0.467,5.0,3.0,91.5,3,Highly Eligible
4.0,web-developer,0.92,1.0,8.63,5.0,3.0,0.972,0.755,2.0,2.0,92.3,3,Highly Eligible
5.0,software-developer,0.92,1.0,7.53,2.5,1.25,0.64,0.609,2.0,1.0,79.7,2,Eligible
3.0,data-scientist,1.0,1.0,9.51,3.0,1.5,0.97,0.894,3.0,2.0,99.0,3,Highly Eligible
0.0,python-developer,0.85,0.35,5.0,0.0,0.0,0.141,0.202,0.0,0.0,42.3,0,Foundational / Action Required
1.0,data-analyst,0.92,1.0,8.61,0.0,0.0,0.42,0.283,2.0,0.0,64.1,1,Partially Eligible
5.0,software-developer,0.85,1.0,7.97,0.5,0.25,0.626,0.395,1.0,0.0,73.1,2,Eligible
5.0,software-developer,1.0,1.0,8.94,5.0,2.5,0.905,0.88,4.0,4.0,99.0,3,Highly Eligible
0.0,python-developer,0.85,1.0,7.66,1.5,0.75,0.4,0.492,1.0,1.0,63.0,1,Partially Eligible
0.0,python-developer,0.85,1.0,7.53,0.0,0.0,0.446,0.6,1.0,0.0,61.4,1,Partially Eligible
5.0,software-developer,0.85,1.0,8.38,0.0,0.0,0.737,0.474,2.0,1.0,77.9,2,Eligible
4.0,web-developer,0.85,1.0,7.82,4.0,3.0,0.88,0.726,3.0,1.0,91.9,3,Highly Eligible
1.0,data-analyst,0.85,0.75,5.75,0.5,0.5,0.248,0.097,0.0,0.0,48.2,0,Foundational / Action Required
3.0,data-scientist,1.0,0.75,9.34,5.0,2.5,0.887,0.843,3.0,2.0,96.1,3,Highly Eligible
3.0,data-scientist,0.92,1.0,8.31,1.0,0.5,0.726,0.325,2.0,0.0,77.3,2,Eligible
3.0,data-scientist,0.85,0.75,7.7,0.5,0.25,0.35,0.504,2.0,2.0,65.3,1,Partially Eligible
2.0,machine-learning-engineer,0.92,1.0,7.24,5.0,2.5,0.834,0.784,2.0,2.0,91.3,3,Highly Eligible
1.0,data-analyst,0.92,1.0,9.08,5.0,3.0,1.0,0.841,5.0,4.0,99.0,3,Highly Eligible
2.0,machine-learning-engineer,0.92,0.65,7.48,1.5,0.75,0.433,0.303,4.0,1.0,70.3,2,Eligible
2.0,machine-learning-engineer,0.85,1.0,7.47,0.0,0.0,0.638,0.291,2.0,1.0,71.5,2,Eligible
5.0,software-developer,0.85,1.0,6.1,0.0,0.0,0.171,0.275,0.0,0.0,41.3,0,Foundational / Action Required
2.0,machine-learning-engineer,0.85,1.0,8.08,3.0,1.5,0.6,0.372,4.0,3.0,87.6,3,Highly Eligible
4.0,web-developer,0.85,0.75,7.49,2.5,2.5,0.4,0.34,2.0,2.0,68.9,2,Eligible
4.0,web-developer,0.85,0.75,9.76,5.0,3.0,0.64,0.855,3.0,2.0,85.4,3,Highly Eligible
0.0,python-developer,0.85,1.0,7.85,4.0,2.0,0.791,0.845,3.0,1.0,85.0,3,Highly Eligible
0.0,python-developer,0.85,1.0,9.09,1.0,0.5,0.599,0.543,4.0,0.0,76.9,2,Eligible
1.0,data-analyst,0.85,0.75,8.44,0.0,0.0,0.531,0.442,2.0,2.0,72.5,2,Eligible
1.0,data-analyst,0.85,0.65,6.85,0.0,0.0,0.168,0.058,1.0,0.0,46.9,0,Foundational / Action Required
4.0,web-developer,0.65,0.35,5.54,0.0,0.0,0.162,0.118,0.0,0.0,33.2,0,Foundational / Action Required
0.0,python-developer,0.85,1.0,8.6,0.0,0.0,0.502,0.199,1.0,2.0,70.9,2,Eligible
5.0,software-developer,0.85,1.0,9.04,5.0,2.5,0.957,0.618,2.0,2.0,94.0,3,Highly Eligible
0.0,python-developer,0.85,0.65,5.9,0.0,0.0,0.098,0.054,0.0,0.0,42.4,0,Foundational / Action Required
2.0,machine-learning-engineer,0.85,0.65,7.24,0.0,0.0,0.338,0.142,1.0,0.0,50.0,0,Foundational / Action Required
3.0,data-scientist,0.45,0.35,5.71,0.0,0.0,0.175,0.119,2.0,0.0,38.8,0,Foundational / Action Required
5.0,software-developer,0.85,1.0,7.68,2.5,1.25,0.711,0.178,2.0,2.0,81.9,2,Eligible
3.0,data-scientist,0.92,0.65,6.8,1.0,0.5,0.783,0.706,1.0,0.0,83.1,3,Highly Eligible
3.0,data-scientist,0.85,1.0,8.14,0.0,0.0,0.549,0.383,3.0,2.0,74.7,2,Eligible
4.0,web-developer,0.85,0.75,7.33,0.0,0.0,0.516,0.1,2.0,1.0,62.0,1,Partially Eligible
3.0,data-scientist,0.92,0.65,8.87,1.0,0.5,0.606,0.255,3.0,2.0,78.6,2,Eligible
3.0,data-scientist,0.85,1.0,8.08,3.0,1.5,0.742,0.777,4.0,1.0,83.5,3,Highly Eligible
2.0,machine-learning-engineer,0.92,0.75,6.24,1.5,0.75,0.756,0.235,1.0,3.0,79.8,2,Eligible
1.0,data-analyst,0.85,0.75,6.0,1.5,1.5,0.71,0.15,1.0,1.0,75.4,2,Eligible
4.0,web-developer,0.85,0.75,8.51,5.0,3.0,0.942,0.7,3.0,2.0,94.3,3,Highly Eligible
0.0,python-developer,0.85,1.0,8.33,1.0,0.5,0.4,0.575,2.0,0.0,65.2,1,Partially Eligible
2.0,machine-learning-engineer,0.45,0.75,7.95,0.0,0.0,0.223,0.009,0.0,0.0,35.2,0,Foundational / Action Required
3.0,data-scientist,0.85,1.0,7.28,0.5,0.25,0.572,0.253,2.0,1.0,69.7,2,Eligible
0.0,python-developer,0.92,1.0,8.33,4.0,2.0,0.905,0.72,5.0,3.0,99.0,3,Highly Eligible
2.0,machine-learning-engineer,0.85,1.0,8.68,3.0,1.5,0.867,0.736,4.0,4.0,97.0,3,Highly Eligible
5.0,software-developer,0.85,1.0,7.98,1.0,0.5,0.4,0.671,4.0,3.0,73.0,2,Eligible
5.0,software-developer,0.92,0.75,8.53,0.0,0.0,0.745,0.186,3.0,0.0,74.5,2,Eligible
4.0,web-developer,0.85,0.75,7.61,1.5,1.5,0.41,0.499,2.0,0.0,61.5,1,Partially Eligible
3.0,data-scientist,0.85,1.0,9.5,0.0,0.0,0.35,0.6,3.0,2.0,67.5,1,Partially Eligible
4.0,web-developer,0.85,1.0,9.05,3.0,3.0,0.856,0.59,2.0,2.0,87.5,3,Highly Eligible
5.0,software-developer,0.85,0.75,8.15,5.0,2.5,0.683,0.608,5.0,3.0,88.4,3,Highly Eligible
2.0,machine-learning-engineer,0.85,0.65,6.47,1.0,0.5,0.39,0.0,2.0,0.0,52.0,0,Foundational / Action Required
0.0,python-developer,0.65,0.65,6.57,0.0,0.0,0.252,0.196,1.0,0.0,45.1,0,Foundational / Action Required
1.0,data-analyst,0.92,1.0,8.3,3.0,3.0,0.656,0.79,4.0,3.0,89.4,3,Highly Eligible
3.0,data-scientist,0.92,1.0,9.18,4.0,2.0,1.0,0.944,4.0,2.0,99.0,3,Highly Eligible
4.0,web-developer,0.85,1.0,8.38,0.0,0.0,0.546,0.231,1.0,0.0,64.3,1,Partially Eligible
0.0,python-developer,0.85,1.0,9.65,3.0,1.5,0.819,0.832,4.0,3.0,97.3,3,Highly Eligible
0.0,python-developer,0.85,1.0,8.52,4.0,2.0,0.641,0.829,4.0,3.0,87.8,3,Highly Eligible
1.0,data-analyst,0.85,0.75,8.85,3.0,3.0,0.928,0.718,2.0,3.0,95.4,3,Highly Eligible
2.0,machine-learning-engineer,0.85,1.0,8.85,0.5,0.25,0.411,0.577,2.0,0.0,62.3,1,Partially Eligible
1.0,data-analyst,0.85,0.75,8.36,5.0,3.0,0.91,0.628,3.0,2.0,95.4,3,Highly Eligible
1.0,data-analyst,0.92,1.0,8.2,1.0,1.0,0.406,0.552,2.0,0.0,68.0,1,Partially Eligible
2.0,machine-learning-engineer,0.85,1.0,9.19,0.5,0.25,0.635,0.245,1.0,1.0,72.0,2,Eligible
2.0,machine-learning-engineer,0.85,0.75,6.5,0.0,0.0,0.575,0.101,3.0,0.0,62.4,1,Partially Eligible
2.0,machine-learning-engineer,0.92,1.0,6.0,1.0,0.5,0.533,0.15,3.0,3.0,75.3,2,Eligible
0.0,python-developer,0.65,0.65,7.71,0.0,0.0,0.17,0.104,0.0,0.0,41.9,0,Foundational / Action Required
0.0,python-developer,0.85,1.0,8.03,0.0,0.0,0.668,0.243,2.0,1.0,69.8,2,Eligible
3.0,data-scientist,0.85,0.75,7.75,0.0,0.0,0.517,0.462,2.0,2.0,69.5,2,Eligible
5.0,software-developer,0.92,1.0,6.9,0.0,0.0,0.35,0.158,1.0,0.0,52.9,1,Partially Eligible
3.0,data-scientist,0.45,0.75,5.84,0.0,0.0,0.158,0.105,0.0,1.0,32.6,0,Foundational / Action Required
1.0,data-analyst,1.0,1.0,8.57,4.0,3.0,0.787,1.0,3.0,3.0,93.2,3,Highly Eligible
1.0,data-analyst,0.85,0.75,7.91,1.0,1.0,0.85,0.608,3.0,0.0,85.8,3,Highly Eligible
3.0,data-scientist,0.85,1.0,7.44,0.0,0.0,0.8,0.483,2.0,0.0,77.6,2,Eligible
4.0,web-developer,0.92,1.0,8.68,4.0,3.0,0.972,0.5,5.0,2.0,99.0,3,Highly Eligible
5.0,software-developer,0.92,1.0,7.06,0.5,0.25,0.8,0.433,1.0,2.0,86.1,3,Highly Eligible
1.0,data-analyst,0.92,1.0,7.7,0.5,0.5,0.579,0.166,1.0,0.0,65.9,1,Partially Eligible
4.0,web-developer,0.65,0.75,7.62,0.0,0.0,0.102,0.049,2.0,0.0,45.7,0,Foundational / Action Required
4.0,web-developer,0.85,0.75,6.98,1.5,1.5,0.617,0.534,2.0,2.0,75.3,2,Eligible
5.0,software-developer,0.65,1.0,8.83,2.0,1.0,0.666,0.35,1.0,1.0,73.9,2,Eligible
2.0,machine-learning-engineer,0.92,0.75,8.35,1.0,0.5,0.764,0.413,3.0,3.0,85.4,3,Highly Eligible
0.0,python-developer,0.92,1.0,8.59,0.0,0.0,0.796,0.554,1.0,1.0,77.5,2,Eligible
3.0,data-scientist,0.92,1.0,8.1,0.0,0.0,0.78,0.274,1.0,0.0,76.4,2,Eligible
5.0,software-developer,0.85,1.0,6.9,2.5,1.25,0.572,0.15,2.0,0.0,72.8,2,Eligible
0.0,python-developer,0.65,0.35,6.84,0.0,0.0,0.167,0.296,2.0,0.0,40.9,0,Foundational / Action Required
3.0,data-scientist,0.85,0.75,8.2,4.0,2.0,0.6,0.683,4.0,2.0,77.1,2,Eligible
0.0,python-developer,0.92,1.0,9.3,3.0,1.5,0.956,0.643,4.0,3.0,99.0,3,Highly Eligible
3.0,data-scientist,0.85,1.0,7.34,2.0,1.0,0.4,0.333,4.0,2.0,73.4,2,Eligible
0.0,python-developer,0.85,1.0,8.0,0.0,0.0,0.411,0.525,2.0,0.0,58.7,1,Partially Eligible
2.0,machine-learning-engineer,0.45,0.65,5.79,0.0,0.0,0.279,0.0,1.0,0.0,41.6,0,Foundational / Action Required
4.0,web-developer,0.85,1.0,7.56,1.5,1.5,0.654,0.256,2.0,1.0,79.2,2,Eligible
3.0,data-scientist,0.65,0.35,5.79,0.0,0.0,0.174,0.119,0.0,0.0,34.0,0,Foundational / Action Required
4.0,web-developer,0.85,1.0,8.5,0.0,0.0,0.723,0.31,2.0,0.0,65.0,1,Partially Eligible
3.0,data-scientist,0.85,1.0,6.92,1.5,0.75,0.82,0.516,2.0,2.0,80.7,2,Eligible
5.0,software-developer,0.92,1.0,7.66,2.5,1.25,0.641,0.451,2.0,0.0,77.4,2,Eligible
5.0,software-developer,0.85,0.75,7.35,1.5,0.75,0.688,0.16,1.0,2.0,72.9,2,Eligible
3.0,data-scientist,0.92,1.0,8.13,0.0,0.0,0.8,0.1,2.0,0.0,78.1,2,Eligible
2.0,machine-learning-engineer,0.85,0.65,9.2,1.5,0.75,0.816,0.237,2.0,1.0,83.4,3,Highly Eligible
0.0,python-developer,0.65,0.75,5.88,0.5,0.25,0.278,0.144,0.0,0.0,43.2,0,Foundational / Action Required
3.0,data-scientist,0.85,1.0,7.51,2.0,1.0,0.604,0.15,4.0,2.0,82.1,3,Highly Eligible
0.0,python-developer,0.85,1.0,8.8,0.0,0.0,0.471,0.444,2.0,1.0,65.4,1,Partially Eligible
2.0,machine-learning-engineer,0.85,0.75,7.76,2.0,1.0,0.672,0.459,4.0,1.0,75.4,2,Eligible
1.0,data-analyst,0.65,0.35,6.52,0.0,0.0,0.223,0.143,0.0,0.0,42.3,0,Foundational / Action Required
4.0,web-developer,0.45,0.35,5.38,0.0,0.0,0.13,0.0,1.0,0.0,33.4,0,Foundational / Action Required
3.0,data-scientist,1.0,1.0,8.43,2.0,1.0,0.814,0.525,3.0,3.0,98.9,3,Highly Eligible
5.0,software-developer,0.85,0.65,6.89,1.0,0.5,0.4,0.357,2.0,1.0,60.8,1,Partially Eligible
2.0,machine-learning-engineer,0.85,0.75,5.88,0.0,0.0,0.265,0.137,1.0,0.0,47.1,0,Foundational / Action Required
0.0,python-developer,0.85,0.75,7.93,2.0,1.0,0.835,0.52,4.0,4.0,96.1,3,Highly Eligible
3.0,data-scientist,0.85,0.75,7.9,0.0,0.0,0.425,0.456,2.0,1.0,61.3,1,Partially Eligible
0.0,python-developer,0.85,0.35,5.59,0.5,0.25,0.122,0.072,0.0,0.0,42.4,0,Foundational / Action Required
1.0,data-analyst,0.85,1.0,8.84,2.0,2.0,0.701,0.772,3.0,3.0,91.8,3,Highly Eligible
3.0,data-scientist,0.85,0.75,8.39,5.0,2.5,0.698,0.612,3.0,2.0,87.1,3,Highly Eligible
4.0,web-developer,0.65,0.65,7.0,0.0,0.0,0.204,0.002,2.0,0.0,43.7,0,Foundational / Action Required
3.0,data-scientist,0.85,1.0,7.46,4.0,2.0,0.812,0.682,3.0,3.0,92.5,3,Highly Eligible
4.0,web-developer,0.85,1.0,8.46,2.0,2.0,0.622,0.344,2.0,2.0,81.4,2,Eligible
0.0,python-developer,0.85,0.75,8.19,1.5,0.75,0.555,0.28,4.0,1.0,75.5,2,Eligible
3.0,data-scientist,0.85,1.0,8.25,3.0,1.5,0.776,0.731,2.0,2.0,86.3,3,Highly Eligible
2.0,machine-learning-engineer,0.85,1.0,6.82,1.5,0.75,0.714,0.196,3.0,2.0,79.9,2,Eligible
5.0,software-developer,0.92,1.0,8.62,4.0,2.0,0.828,0.943,4.0,3.0,95.2,3,Highly Eligible
2.0,machine-learning-engineer,0.45,0.35,6.66,0.0,0.0,0.167,0.025,0.0,0.0,37.8,0,Foundational / Action Required
1.0,data-analyst,0.85,1.0,8.26,1.0,1.0,0.75,0.222,2.0,3.0,87.6,3,Highly Eligible
2.0,machine-learning-engineer,0.85,0.65,7.75,1.0,0.5,0.143,0.047,2.0,0.0,47.2,0,Foundational / Action Required
1.0,data-analyst,0.85,1.0,6.8,0.0,0.0,0.459,0.6,2.0,0.0,56.4,1,Partially Eligible
0.0,python-developer,0.85,1.0,6.59,1.5,0.75,0.596,0.325,3.0,1.0,78.4,2,Eligible
4.0,web-developer,0.92,0.75,6.98,0.0,0.0,0.569,0.25,2.0,1.0,78.1,2,Eligible
5.0,software-developer,0.85,1.0,7.25,3.0,1.5,1.0,0.484,4.0,1.0,94.2,3,Highly Eligible
0.0,python-developer,0.92,1.0,8.75,4.0,2.0,0.791,0.9,3.0,2.0,92.3,3,Highly Eligible
4.0,web-developer,0.85,0.75,8.96,1.0,1.0,0.4,0.359,2.0,0.0,64.7,1,Partially Eligible
4.0,web-developer,0.65,0.75,6.61,1.0,1.0,0.764,0.307,1.0,0.0,73.2,2,Eligible
1.0,data-analyst,0.85,1.0,8.71,0.0,0.0,0.461,0.6,2.0,1.0,65.1,1,Partially Eligible
2.0,machine-learning-engineer,0.92,1.0,9.51,3.0,1.5,0.919,0.637,3.0,3.0,99.0,3,Highly Eligible
2.0,machine-learning-engineer,0.85,0.75,8.05,2.0,1.0,0.621,0.295,2.0,1.0,78.0,2,Eligible
5.0,software-developer,0.85,1.0,7.72,5.0,2.5,0.764,0.744,5.0,2.0,92.3,3,Highly Eligible
5.0,software-developer,0.85,0.75,8.09,0.0,0.0,0.467,0.178,3.0,1.0,67.5,1,Partially Eligible
1.0,data-analyst,0.85,1.0,6.38,0.0,0.0,0.127,0.193,1.0,0.0,42.5,0,Foundational / Action Required
1.0,data-analyst,0.45,0.35,5.92,0.5,0.5,0.054,0.232,0.0,0.0,32.6,0,Foundational / Action Required
0.0,python-developer,0.92,1.0,9.17,6.0,3.0,0.999,0.688,4.0,2.0,99.0,3,Highly Eligible
1.0,data-analyst,0.92,1.0,8.38,2.0,2.0,0.523,0.309,2.0,2.0,81.1,2,Eligible
2.0,machine-learning-engineer,1.0,1.0,8.29,5.0,2.5,0.967,0.882,4.0,4.0,99.0,3,Highly Eligible
1.0,data-analyst,0.92,1.0,9.44,0.0,0.0,0.39,0.365,2.0,2.0,68.9,2,Eligible
1.0,data-analyst,0.85,1.0,7.28,3.0,3.0,0.936,0.509,4.0,2.0,92.8,3,Highly Eligible
4.0,web-developer,1.0,1.0,8.53,4.0,3.0,0.848,0.833,5.0,2.0,97.6,3,Highly Eligible
1.0,data-analyst,0.92,1.0,7.65,0.5,0.5,0.35,0.448,2.0,2.0,68.3,2,Eligible
5.0,software-developer,0.85,1.0,8.81,0.0,0.0,0.569,0.277,2.0,0.0,69.0,2,Eligible
0.0,python-developer,0.85,0.75,7.76,2.0,1.0,0.4,0.193,2.0,3.0,69.1,2,Eligible
1.0,data-analyst,0.85,1.0,7.49,1.0,1.0,0.609,0.353,2.0,2.0,85.5,3,Highly Eligible
5.0,software-developer,0.85,0.75,8.37,0.0,0.0,0.767,0.445,2.0,0.0,69.4,2,Eligible
3.0,data-scientist,0.85,1.0,8.33,5.0,2.5,0.74,0.545,4.0,2.0,89.5,3,Highly Eligible
3.0,data-scientist,0.85,1.0,6.74,0.0,0.0,0.588,0.451,3.0,2.0,69.4,2,Eligible
4.0,web-developer,0.85,0.75,6.74,2.5,2.5,0.422,0.468,4.0,1.0,67.7,1,Partially Eligible
4.0,web-developer,0.65,0.35,7.59,0.0,0.0,0.153,0.269,0.0,1.0,36.4,0,Foundational / Action Required
3.0,data-scientist,0.92,1.0,7.25,0.0,0.0,0.394,0.152,3.0,1.0,65.4,1,Partially Eligible
5.0,software-developer,0.92,1.0,9.33,3.0,1.5,0.886,0.681,4.0,4.0,99.0,3,Highly Eligible
4.0,web-developer,0.85,0.75,7.69,1.5,1.5,0.636,0.543,2.0,2.0,78.8,2,Eligible
5.0,software-developer,0.85,1.0,8.02,0.0,0.0,0.8,0.442,3.0,2.0,82.0,2,Eligible
5.0,software-developer,0.85,1.0,8.78,1.0,0.5,0.8,0.534,1.0,0.0,85.7,3,Highly Eligible
4.0,web-developer,0.85,0.65,7.46,0.0,0.0,0.187,0.0,1.0,0.0,47.4,0,Foundational / Action Required
2.0,machine-learning-engineer,0.45,0.35,7.26,0.0,0.0,0.055,0.038,0.0,0.0,33.3,0,Foundational / Action Required
5.0,software-developer,1.0,1.0,9.04,5.0,2.5,0.939,0.972,3.0,3.0,99.0,3,Highly Eligible
2.0,machine-learning-engineer,0.85,1.0,7.76,0.0,0.0,0.415,0.424,2.0,0.0,58.7,1,Partially Eligible
1.0,data-analyst,0.85,0.75,7.94,0.5,0.5,0.456,0.6,1.0,0.0,63.8,1,Partially Eligible
3.0,data-scientist,0.85,1.0,9.05,3.0,1.5,0.793,0.831,4.0,2.0,90.8,3,Highly Eligible
0.0,python-developer,0.92,1.0,9.08,5.0,2.5,0.865,0.788,3.0,3.0,99.0,3,Highly Eligible
3.0,data-scientist,0.85,1.0,7.98,0.0,0.0,0.439,0.488,1.0,0.0,62.5,1,Partially Eligible
3.0,data-scientist,0.85,1.0,6.98,0.0,0.0,0.8,0.1,2.0,0.0,74.9,2,Eligible
5.0,software-developer,0.92,0.75,8.3,2.0,1.0,0.888,0.396,3.0,2.0,96.7,3,Highly Eligible
2.0,machine-learning-engineer,0.65,0.75,7.16,2.5,1.25,0.627,0.411,3.0,2.0,74.9,2,Eligible
2.0,machine-learning-engineer,0.85,1.0,5.86,0.0,0.0,0.45,0.0,1.0,0.0,61.0,1,Partially Eligible
4.0,web-developer,0.85,0.65,8.74,2.0,2.0,0.63,0.722,2.0,1.0,78.8,2,Eligible
0.0,python-developer,0.85,0.75,8.02,1.0,0.5,0.525,0.548,2.0,1.0,69.0,2,Eligible
2.0,machine-learning-engineer,0.92,0.75,7.61,3.0,1.5,0.719,0.602,3.0,3.0,90.5,3,Highly Eligible
4.0,web-developer,0.85,1.0,9.2,1.0,1.0,0.584,0.335,2.0,3.0,80.0,2,Eligible
0.0,python-developer,1.0,1.0,9.03,5.0,2.5,0.918,0.988,3.0,2.0,96.5,3,Highly Eligible
2.0,machine-learning-engineer,0.92,1.0,8.85,4.0,2.0,0.8,0.508,3.0,4.0,96.1,3,Highly Eligible
3.0,data-scientist,0.85,1.0,8.17,0.0,0.0,0.688,0.297,3.0,2.0,78.7,2,Eligible
3.0,data-scientist,1.0,1.0,9.28,6.0,3.0,0.997,0.678,4.0,4.0,99.0,3,Highly Eligible
0.0,python-developer,0.92,0.75,7.16,0.0,0.0,0.35,0.322,3.0,0.0,55.8,1,Partially Eligible
0.0,python-developer,0.85,1.0,9.06,0.0,0.0,0.739,0.451,3.0,0.0,73.8,2,Eligible
2.0,machine-learning-engineer,0.85,0.75,7.82,1.0,0.5,0.85,0.75,2.0,0.0,76.6,2,Eligible
2.0,machine-learning-engineer,0.85,0.75,7.88,0.0,0.0,0.576,0.313,1.0,0.0,59.8,1,Partially Eligible
0.0,python-developer,0.85,1.0,8.13,0.0,0.0,0.35,0.489,2.0,0.0,55.7,1,Partially Eligible
5.0,software-developer,1.0,1.0,8.27,5.0,2.5,0.855,0.805,5.0,3.0,99.0,3,Highly Eligible
0.0,python-developer,0.92,1.0,9.05,1.0,0.5,0.35,0.106,2.0,1.0,66.2,1,Partially Eligible
4.0,web-developer,0.85,0.35,7.52,0.0,0.0,0.152,0.055,2.0,0.0,47.8,0,Foundational / Action Required
4.0,web-developer,0.85,0.75,7.01,0.0,0.0,0.2,0.0,0.0,0.0,40.4,0,Foundational / Action Required
4.0,web-developer,0.65,0.75,7.93,1.5,1.5,0.551,0.227,2.0,1.0,67.3,1,Partially Eligible
3.0,data-scientist,0.85,1.0,8.32,2.0,1.0,1.0,0.774,4.0,2.0,99.0,3,Highly Eligible
3.0,data-scientist,0.85,1.0,7.5,0.0,0.0,0.745,0.209,1.0,0.0,72.5,2,Eligible
4.0,web-developer,0.85,1.0,9.03,2.5,2.5,0.541,0.493,3.0,0.0,72.9,2,Eligible
4.0,web-developer,0.85,0.75,8.03,1.5,1.5,0.795,0.564,4.0,1.0,88.0,3,Highly Eligible
5.0,software-developer,0.85,1.0,7.85,1.0,0.5,0.4,0.446,2.0,2.0,69.6,2,Eligible
0.0,python-developer,0.85,0.65,6.83,2.0,1.0,0.547,0.15,2.0,0.0,67.0,1,Partially Eligible
3.0,data-scientist,0.92,1.0,9.02,5.0,2.5,1.0,0.879,6.0,4.0,99.0,3,Highly Eligible
4.0,web-developer,0.92,1.0,7.25,1.5,1.5,0.4,0.618,2.0,0.0,64.8,1,Partially Eligible
5.0,software-developer,0.85,1.0,7.96,3.0,1.5,0.875,0.54,4.0,1.0,90.1,3,Highly Eligible
1.0,data-analyst,1.0,1.0,9.15,4.0,3.0,0.75,0.842,4.0,3.0,97.8,3,Highly Eligible
2.0,machine-learning-engineer,0.92,0.75,9.49,0.0,0.0,0.572,0.373,1.0,0.0,63.4,1,Partially Eligible
4.0,web-developer,0.92,1.0,9.51,5.0,3.0,0.803,0.924,3.0,4.0,97.5,3,Highly Eligible
3.0,data-scientist,0.85,0.65,6.89,0.0,0.0,0.315,0.085,0.0,0.0,49.3,0,Foundational / Action Required
4.0,web-developer,0.45,0.65,6.28,0.0,0.0,0.23,0.173,2.0,0.0,40.5,0,Foundational / Action Required
1.0,data-analyst,0.85,0.65,9.2,2.0,2.0,0.588,0.482,2.0,3.0,85.9,3,Highly Eligible
0.0,python-developer,0.85,0.75,7.22,1.0,0.5,0.585,0.553,2.0,1.0,65.9,1,Partially Eligible
3.0,data-scientist,0.85,0.75,7.7,2.0,1.0,0.751,0.817,4.0,3.0,90.3,3,Highly Eligible
0.0,python-developer,0.85,0.75,7.04,2.5,1.25,0.459,0.464,4.0,1.0,76.7,2,Eligible
2.0,machine-learning-engineer,0.92,1.0,9.45,3.0,1.5,0.886,0.801,6.0,3.0,99.0,3,Highly Eligible
5.0,software-developer,0.85,1.0,8.61,4.0,2.0,0.801,0.703,3.0,2.0,90.6,3,Highly Eligible
0.0,python-developer,0.85,0.35,6.75,0.5,0.25,0.179,0.139,2.0,0.0,45.9,0,Foundational / Action Required
4.0,web-developer,0.85,1.0,9.45,2.0,2.0,0.792,0.474,4.0,2.0,92.7,3,Highly Eligible
5.0,software-developer,0.85,1.0,8.78,1.0,0.5,0.586,0.441,4.0,0.0,70.3,2,Eligible
1.0,data-analyst,0.45,0.65,7.45,0.0,0.0,0.156,0.038,1.0,0.0,33.6,0,Foundational / Action Required
0.0,python-developer,0.85,0.35,6.67,0.0,0.0,0.419,0.134,0.0,0.0,53.8,1,Partially Eligible
1.0,data-analyst,0.85,1.0,7.7,0.0,0.0,0.629,0.228,2.0,0.0,66.9,1,Partially Eligible
5.0,software-developer,0.85,1.0,8.45,5.0,2.5,0.805,0.705,3.0,3.0,95.4,3,Highly Eligible
3.0,data-scientist,0.92,1.0,8.26,5.0,2.5,0.936,1.0,4.0,4.0,99.0,3,Highly Eligible
3.0,data-scientist,0.85,0.75,6.63,1.0,0.5,0.4,0.647,2.0,1.0,56.8,1,Partially Eligible
4.0,web-developer,0.85,1.0,7.73,0.0,0.0,0.463,0.342,1.0,0.0,59.7,1,Partially Eligible
4.0,web-developer,0.65,0.75,7.98,1.5,1.5,0.567,0.382,3.0,1.0,73.7,2,Eligible
4.0,web-developer,0.45,0.65,8.0,0.0,0.0,0.158,0.088,0.0,0.0,33.5,0,Foundational / Action Required
1.0,data-analyst,0.65,0.65,6.6,0.5,0.5,0.052,0.075,1.0,0.0,36.2,0,Foundational / Action Required
2.0,machine-learning-engineer,0.85,0.75,8.75,2.0,1.0,0.61,0.321,3.0,0.0,75.9,2,Eligible
2.0,machine-learning-engineer,0.92,0.75,9.49,4.0,2.0,0.704,0.484,2.0,3.0,89.2,3,Highly Eligible
2.0,machine-learning-engineer,0.45,0.65,7.79,0.0,0.0,0.307,0.193,2.0,0.0,41.6,0,Foundational / Action Required
3.0,data-scientist,0.85,1.0,9.02,2.5,1.25,0.683,0.429,1.0,1.0,79.9,2,Eligible
3.0,data-scientist,0.85,0.75,8.17,1.0,0.5,0.706,0.198,1.0,2.0,77.6,2,Eligible
2.0,machine-learning-engineer,0.85,1.0,7.29,2.0,1.0,0.708,0.498,2.0,2.0,80.6,2,Eligible
5.0,software-developer,0.65,1.0,5.68,0.0,0.0,0.032,0.233,0.0,1.0,41.3,0,Foundational / Action Required
4.0,web-developer,0.92,0.75,8.34,5.0,3.0,0.763,0.444,2.0,3.0,90.6,3,Highly Eligible
0.0,python-developer,0.85,0.75,9.25,4.0,2.0,0.6,0.715,2.0,3.0,85.2,3,Highly Eligible
5.0,software-developer,1.0,1.0,8.81,5.0,2.5,0.979,0.853,4.0,4.0,99.0,3,Highly Eligible
5.0,software-developer,0.85,0.65,6.94,1.0,0.5,0.85,0.544,3.0,0.0,80.6,2,Eligible
2.0,machine-learning-engineer,0.65,0.75,8.51,1.5,0.75,0.548,0.518,4.0,0.0,66.7,1,Partially Eligible
0.0,python-developer,0.45,0.75,5.2,0.0,0.0,0.229,0.0,0.0,1.0,36.3,0,Foundational / Action Required
2.0,machine-learning-engineer,0.65,1.0,6.29,0.0,0.0,0.314,0.125,2.0,0.0,48.4,0,Foundational / Action Required
0.0,python-developer,0.85,1.0,9.0,1.0,0.5,0.756,0.75,2.0,0.0,81.0,2,Eligible
4.0,web-developer,0.85,1.0,7.67,1.0,1.0,0.671,0.256,1.0,0.0,78.3,2,Eligible
5.0,software-developer,0.92,1.0,8.48,6.0,3.0,0.875,0.69,4.0,3.0,97.0,3,Highly Eligible
3.0,data-scientist,0.85,1.0,8.35,0.0,0.0,0.63,0.307,1.0,2.0,74.2,2,Eligible
2.0,machine-learning-engineer,0.85,1.0,9.14,2.0,1.0,0.874,0.726,3.0,1.0,89.2,3,Highly Eligible
2.0,machine-learning-engineer,0.85,1.0,8.21,1.0,0.5,0.8,0.354,3.0,1.0,86.0,3,Highly Eligible
5.0,software-developer,0.85,1.0,9.5,0.0,0.0,0.552,0.144,2.0,1.0,70.3,2,Eligible
5.0,software-developer,0.85,1.0,7.76,1.0,0.5,0.781,0.477,2.0,0.0,78.4,2,Eligible
4.0,web-developer,0.85,0.65,5.0,0.0,0.0,0.279,0.062,0.0,0.0,40.7,0,Foundational / Action Required
1.0,data-analyst,0.92,1.0,9.04,2.0,2.0,0.812,0.666,4.0,2.0,93.0,3,Highly Eligible
2.0,machine-learning-engineer,0.92,1.0,8.61,2.0,1.0,0.718,0.9,3.0,3.0,96.3,3,Highly Eligible
0.0,python-developer,0.65,0.35,6.77,0.5,0.25,0.239,0.138,0.0,0.0,40.3,0,Foundational / Action Required
4.0,web-developer,0.85,1.0,8.34,3.0,3.0,0.691,0.682,3.0,4.0,90.5,3,Highly Eligible
5.0,software-developer,0.85,1.0,8.08,0.5,0.25,0.394,0.339,2.0,0.0,56.7,1,Partially Eligible
1.0,data-analyst,0.85,0.75,7.05,5.0,3.0,0.962,0.643,3.0,2.0,96.5,3,Highly Eligible
2.0,machine-learning-engineer,0.85,1.0,7.32,0.0,0.0,0.462,0.378,2.0,1.0,62.9,1,Partially Eligible
2.0,machine-learning-engineer,0.92,0.75,7.78,0.5,0.25,0.692,0.272,3.0,1.0,76.7,2,Eligible
5.0,software-developer,0.45,0.65,7.47,0.0,0.0,0.296,0.218,0.0,0.0,42.2,0,Foundational / Action Required
5.0,software-developer,0.92,1.0,9.69,4.0,2.0,0.856,0.836,4.0,3.0,99.0,3,Highly Eligible
5.0,software-developer,0.85,0.75,7.73,0.0,0.0,0.35,0.387,3.0,2.0,60.3,1,Partially Eligible
3.0,data-scientist,0.65,1.0,7.86,2.0,1.0,0.489,0.559,2.0,3.0,76.4,2,Eligible
1.0,data-analyst,0.85,0.35,6.62,0.0,0.0,0.179,0.048,1.0,0.0,46.0,0,Foundational / Action Required
4.0,web-developer,0.85,0.65,7.3,1.5,1.5,0.656,0.321,1.0,0.0,78.3,2,Eligible
5.0,software-developer,0.85,0.35,6.65,0.0,0.0,0.087,0.208,0.0,0.0,40.8,0,Foundational / Action Required
0.0,python-developer,0.85,0.75,8.09,0.0,0.0,0.714,0.55,2.0,1.0,72.5,2,Eligible
2.0,machine-learning-engineer,0.85,1.0,8.59,4.0,2.0,0.895,0.9,3.0,2.0,96.3,3,Highly Eligible
4.0,web-developer,0.85,0.75,7.09,1.5,1.5,0.544,0.337,3.0,0.0,72.7,2,Eligible
3.0,data-scientist,0.85,0.75,9.01,0.0,0.0,0.787,0.518,1.0,0.0,72.2,2,Eligible
5.0,software-developer,0.65,1.0,7.09,1.5,0.75,0.85,0.248,4.0,1.0,84.1,3,Highly Eligible
2.0,machine-learning-engineer,0.65,0.35,6.51,0.0,0.0,0.195,0.0,1.0,0.0,41.5,0,Foundational / Action Required
1.0,data-analyst,0.85,1.0,7.92,1.0,1.0,0.697,0.645,2.0,1.0,80.5,2,Eligible
5.0,software-developer,0.92,0.75,8.5,3.0,1.5,0.85,0.587,2.0,2.0,90.1,3,Highly Eligible
5.0,software-developer,0.45,0.75,8.0,0.0,0.0,0.323,0.117,0.0,1.0,45.5,0,Foundational / Action Required
5.0,software-developer,0.92,1.0,8.12,2.0,1.0,0.737,0.602,5.0,2.0,92.5,3,Highly Eligible
5.0,software-developer,0.85,0.75,7.71,0.0,0.0,0.583,0.171,2.0,0.0,65.5,1,Partially Eligible
4.0,web-developer,0.65,1.0,7.08,1.5,1.5,0.672,0.485,1.0,2.0,75.6,2,Eligible
0.0,python-developer,1.0,1.0,8.71,4.0,2.0,0.824,0.996,4.0,3.0,99.0,3,Highly Eligible
5.0,software-developer,0.85,1.0,8.83,4.0,2.0,0.868,0.471,5.0,3.0,98.5,3,Highly Eligible
5.0,software-developer,0.92,1.0,7.42,0.0,0.0,0.35,0.353,3.0,0.0,60.4,1,Partially Eligible
3.0,data-scientist,0.85,1.0,8.16,4.0,2.0,0.886,0.709,3.0,2.0,94.9,3,Highly Eligible
4.0,web-developer,0.92,1.0,7.91,3.0,3.0,0.876,0.35,3.0,2.0,94.0,3,Highly Eligible
2.0,machine-learning-engineer,0.85,1.0,8.1,0.0,0.0,0.35,0.39,1.0,2.0,62.8,1,Partially Eligible
0.0,python-developer,0.92,1.0,9.02,4.0,2.0,0.958,0.944,4.0,2.0,97.9,3,Highly Eligible
2.0,machine-learning-engineer,0.45,0.35,5.07,1.0,0.5,0.254,0.05,0.0,0.0,34.9,0,Foundational / Action Required
2.0,machine-learning-engineer,0.65,0.75,6.09,0.0,0.0,0.059,0.145,0.0,0.0,36.9,0,Foundational / Action Required
1.0,data-analyst,0.92,1.0,8.0,5.0,3.0,0.952,0.742,4.0,3.0,99.0,3,Highly Eligible
1.0,data-analyst,1.0,1.0,8.86,5.0,3.0,0.918,0.802,3.0,2.0,99.0,3,Highly Eligible
2.0,machine-learning-engineer,0.92,1.0,9.46,0.0,0.0,0.751,0.251,2.0,0.0,81.0,2,Eligible
3.0,data-scientist,0.92,1.0,7.65,1.0,0.5,0.556,0.243,2.0,1.0,76.9,2,Eligible
1.0,data-analyst,0.92,0.75,6.93,1.0,1.0,0.533,0.376,3.0,1.0,72.8,2,Eligible
1.0,data-analyst,0.65,1.0,6.04,0.0,0.0,0.339,0.0,0.0,0.0,44.5,0,Foundational / Action Required
1.0,data-analyst,0.85,1.0,7.69,5.0,3.0,0.631,0.53,3.0,2.0,87.1,3,Highly Eligible
1.0,data-analyst,0.92,1.0,8.69,0.5,0.5,0.44,0.6,1.0,1.0,65.2,1,Partially Eligible
0.0,python-developer,0.45,0.65,7.35,0.5,0.25,0.096,0.143,0.0,0.0,32.5,0,Foundational / Action Required
2.0,machine-learning-engineer,0.85,1.0,7.63,2.5,1.25,0.719,0.215,2.0,0.0,79.3,2,Eligible
0.0,python-developer,0.85,0.75,7.54,1.0,0.5,0.462,0.587,4.0,0.0,66.2,1,Partially Eligible
4.0,web-developer,0.85,1.0,6.8,1.5,1.5,0.654,0.635,3.0,0.0,79.6,2,Eligible
4.0,web-developer,0.92,1.0,9.62,3.0,3.0,0.988,0.812,4.0,4.0,99.0,3,Highly Eligible
5.0,software-developer,0.85,1.0,7.22,0.0,0.0,0.432,0.408,1.0,2.0,67.4,1,Partially Eligible
4.0,web-developer,0.65,0.65,6.74,0.0,0.0,0.219,0.0,1.0,0.0,41.5,0,Foundational / Action Required
0.0,python-developer,0.85,0.35,5.05,0.0,0.0,0.183,0.207,0.0,0.0,43.1,0,Foundational / Action Required
5.0,software-developer,0.85,0.75,5.96,0.0,0.0,0.344,0.3,1.0,0.0,52.7,1,Partially Eligible
2.0,machine-learning-engineer,0.92,1.0,7.57,5.0,2.5,0.836,0.824,5.0,1.0,95.7,3,Highly Eligible
4.0,web-developer,0.85,1.0,9.02,1.0,1.0,0.515,0.184,2.0,2.0,78.9,2,Eligible
1.0,data-analyst,1.0,1.0,8.91,4.0,3.0,0.938,0.76,4.0,3.0,99.0,3,Highly Eligible
4.0,web-developer,0.92,1.0,7.15,0.5,0.5,0.35,0.182,2.0,0.0,64.3,1,Partially Eligible
3.0,data-scientist,0.85,1.0,8.58,0.0,0.0,0.658,0.567,2.0,1.0,73.3,2,Eligible
